Cluster_316.mature::NC_058066.1:12757146-12757168(-), ,0.526,0.727,0.571,0.714,0.81,0.773,0.7,0.842,0.842,0.8,0.905,0.412,0.5,0.684,0.762,0.714,0.579,0.75,0.714,0.7,0.818,0.667,0.905,0.7,0.579,0.571,0.682,0.75,0.636,0.545,0.667,0.833,0.762,0.762,0.75,0.75,0.762,0.75,0.773,0.714,0.684,0.905,0.625,0.81,0.786,0.8,0.682,0.684,0.5,0.65,0.7,0.818,0.533,0.556,0.714,0.8,0.714,0.75,0.65,0.762,0.762,0.842,0.647,0.714,0.714,0.714,0.571,0.762,0.706,0.571,0.667,0.667,0.7,0.667,0.762,0.579,0.81,0.684,0.684,0.667,0.714,0.591,0.905,0.4,0.778,0.619,0.556,0.75,0.714,0.526,0.714,0.7,0.619,0.905,0.75,0.773,0.905,0.8,0.8,0.81,0.632,0.6,0.737,0.619,0.714,0.684,0.65,0.667,0.667,0.714,0.714,0.65,0.778,0.81,0.65,0.857,0.684,0.714,0.632
Cluster_514.mature::NC_058066.1:20088678-20088700(+), , ,0.7,0.833,0.8,0.722,0.45,0.857,0.875,0.875,0.545,0.778,0.5,0.6,0.688,0.714,0.778,0.75,0.7,0.706,0.588,0.842,0.556,0.944,0.818,0.688,0.8,0.65,0.667,0.786,0.737,0.7,0.733,0.895,0.895,0.667,0.667,0.895,0.846,0.684,0.611,0.727,0.944,0.789,0.778,0.636,0.667,0.632,0.813,0.706,0.706,0.818,0.842,0.667,0.667,0.778,0.905,0.778,0.7,0.706,0.778,0.778,0.813,0.643,0.579,0.526,0.526,0.667,0.778,0.643,0.611,0.75,0.611,0.714,0.65,0.75,0.813,0.778,0.688,0.688,0.65,0.833,0.737,0.75,0.765,1,0.55,0.571,0.684,0.75,0,0.8,0.81,0.833,0.944,0.7,0.737,0.6,0.722,0.6,0.778,0.688,0.714,0.75,0.667,0.556,0.688,0.667,0.889,0.778,0.722,0.778,0.81,0.714,0.667,0.824,0.778,0.762,0.778,0.688
Cluster_548.mature::NC_058066.1:20346248-20346271(-), , , ,0.857,0.545,0.667,0.652,0.81,0.789,0.789,0.714,0.81,0.647,0.615,0.632,0.636,0.714,0.737,0.571,0.8,0.75,0.773,0.571,0.762,0.81,0.579,0.864,0.696,0.762,0.917,0.773,0.773,0.722,0.619,0.619,0.524,0.524,0.619,0.75,0.591,0.857,0.8,0.762,0.824,0.762,0.857,0.571,0.636,0.579,0.8,0.8,0.81,0.682,0.6,0.556,0.857,0.762,0.857,0.571,0.65,0.714,0.714,0.632,0.588,0.667,0.714,0.714,0.81,0.762,0.647,0.619,0.591,0.714,0.714,0.773,0.818,0.579,0.762,0.737,0.632,0.773,0.714,0.773,0.864,0.7,0.667,0.864,0.632,0.765,0.773,0.7,0.682,0.81,0.571,0.762,0.571,0.773,0.545,0.75,0.714,0.81,0.737,0.476,0.842,0.762,0.667,0.632,0.762,0.857,0.81,0.81,0.762,0.762,0.789,0.571,0.8,0.81,0.65,0.667,0.684
Cluster_1506.mature::NC_058067.1:5656213-5656236(-), , , , ,0.7,0.762,0.682,0.737,0.714,0.714,0.632,0.818,0.789,0.818,0.619,0.8,0.545,0.667,0.737,0.846,0.636,0.619,0.773,0.773,0.632,0.762,0.45,0.773,0.789,0.6,0.762,0.7,0.9,0.75,0.75,0.789,0.789,0.7,0.722,0.857,0.636,0.667,0.773,0.6,0.591,0.875,0.895,0.81,0.571,0.692,0.773,0.632,0.762,0.529,0.75,0.545,0.737,0.5,0.737,0.545,0.682,0.682,0.571,0.632,0.7,0.7,0.7,0.545,0.818,0.579,0.682,0.6,0.773,0.737,0.7,0.7,0.571,0.909,0.476,0.619,0.9,0.636,0.619,0.7,0.545,1,0.8,0.588,0.467,0.6,0.833,0.5,0.632,0.826,0.818,0.737,0.682,0.7,0.714,0.737,0.818,0.667,0.632,0.667,0.591,0.818,0.619,0.579,0.636,0.636,0.667,0.727,0.684,0.529,0.864,0.591,0.818,0.722,0.727,0.762
Cluster_1900.mature::NC_058067.1:16118269-16118291(-), , , , , ,0.8,0.591,0.714,0.778,0.778,0.524,0.65,0.688,0.615,0.667,0.727,0.55,0.889,0.714,0.533,0.895,0.667,0.8,0.7,0.714,0.667,0.727,0.773,0.714,0.75,0.762,0.818,0.647,0.714,0.714,0.619,0.619,0.714,0.6,0.714,0.75,0.75,0.7,0.647,0.65,0.846,0.714,0.476,0.667,0.733,0.789,0.714,0.714,0.857,0.647,0.55,0.714,0.5,0.714,0.632,0.65,0.65,0.778,0.5,0.524,0.524,0.476,0.65,0.75,0.625,0.5,0.455,0.75,0.762,0.636,0.682,0.667,0.75,0.556,0.667,0.682,0.55,0.857,0.727,0.842,0.75,0.727,0.947,0.882,0.727,0.8,0.727,0.714,0.85,0.7,0.714,0.571,0.818,0.813,0.619,0.75,0.833,0.619,0.722,0.75,0.55,0.667,0.81,0.75,0.8,0.75,0.75,0.667,0.684,0.6,0.737,0.8,0.8,0.65,0.778
Cluster_1998.mature::NC_058067.1:21549048-21549069(+), , , , , , ,0.81,0.737,0.579,0.579,0.842,0.667,0.706,0.727,0.789,0.7,0.857,0.579,0.632,0.846,0.7,0.762,0.667,0.667,0.789,0.737,0.75,0.571,0.737,0.9,0.667,0.75,0.722,0.65,0.65,0.632,0.632,0.65,0.625,0.857,0.857,0.778,0.667,0.667,0.762,0.571,0.579,0.667,0.684,0.615,0.6,0.789,0.571,0.6,0.778,0.81,0.789,0.81,0.632,0.65,0.762,0.762,0.474,0.706,0.65,0.65,0.6,0.81,0.762,0.529,0.81,0.75,0.762,0.579,0.8,0.85,0.737,0.762,0.789,0.789,0.85,0.524,0.714,0.8,0.8,0.778,0.85,0.588,0.8,0.7,0.722,0.7,0.789,0.81,0.667,0.632,0.619,0.7,0.714,0.579,0.762,0.789,0.579,0.579,0.762,0.81,0.789,0.737,0.714,0.667,0.667,0.714,0.632,0.647,0.81,0.75,0.762,0.889,0.619,0.842
Cluster_2057.mature::NC_058067.1:25838852-25838876(+), , , , , , , ,0.762,0.7,0.7,0.476,0.682,0.611,0.538,0.6,0.636,0.545,0.75,0.714,0.533,0.619,0.727,0.682,0.727,0.81,0.65,0.727,0.75,0.714,0.583,0.636,0.909,0.684,0.857,0.857,0.619,0.619,0.81,0.706,0.773,0.636,0.6,0.727,0.647,0.5,0.667,0.667,0.727,0.8,1,0.857,0.81,0.682,0.75,0.632,0.636,0.905,0.636,0.714,0.571,0.591,0.591,0.65,0.722,0.762,0.762,0.762,0.682,0.773,0.5,0.545,0.727,0.727,0.714,0.727,0.682,0.65,0.727,0.5,0.6,0.591,0.636,0.818,0.591,0.762,1,0.682,0.842,0.706,0.727,0.45,0.636,0.81,0.909,0.773,0.714,0.609,0.545,0.625,0.762,0.682,0.8,0.714,0.7,0.727,0.591,0.6,0.81,0.818,0.818,0.762,0.818,0.81,0.737,0.5,0.857,0.636,0.85,0.727,0.55
Cluster_2074.mature::NC_058067.1:26890879-26890901(+), , , , , , , , ,0.529,0.529,0.636,0.842,0.6,0.571,0.588,0.682,0.474,0.824,0.714,0.688,0.722,0.8,0.789,0.684,0.455,0.588,0.571,0.667,0.636,0.692,0.7,0.524,0.563,0.65,0.65,0.818,0.818,0.65,0.571,0.7,0.579,0.619,0.684,0.667,0.737,0.583,0.727,0.75,0.706,0.563,0.722,0.455,0.7,0.846,0.563,0.842,0.636,0.842,0.714,0.722,0.579,0.579,0.706,0.6,0.65,0.65,0.65,0.526,0.579,0.6,0.789,0.667,0.579,0.5,0.667,0.667,0.588,0.421,0.647,0.588,0.714,0.684,0.7,0.476,0.778,0.571,0.714,0.65,0.556,0.762,0.857,0.619,0.455,0.684,0.684,0.714,0.55,0.714,0.529,0.667,0.632,0.647,0.591,0.588,0.684,0.684,0.588,0.727,0.526,0.737,0.789,0.737,0.682,0.7,0.632,0.722,0.737,0.571,0.684,0.706
Cluster_2521.mature::NC_058068.1:597877-597899(+), , , , , , , , , ,0,0.647,0.7,0.75,0.444,0.591,0.667,0.65,0.636,0.647,0.818,0.762,0.632,0.75,0.45,0.647,0.727,0.556,0.65,0.588,0.875,0.684,0.722,0.714,0.556,0.556,0.765,0.765,0.556,0.579,0.842,0.75,0.688,0.45,0.385,0.65,0.588,0.765,0.842,0.636,0.455,0.667,0.647,0.789,0.556,0.762,0.75,0.706,0.75,0.647,0.571,0.6,0.6,0.636,0.6,0.722,0.722,0.778,0.65,0.7,0.65,0.8,0.722,0.75,0.471,0.5,0.444,0.727,0.8,0.682,0.591,0.833,0.65,0.632,0.611,0.714,0.667,0.667,0.667,0.615,0.667,0.875,0.611,0.647,0.762,0.5,0.647,0.6,0.667,0.833,0.765,0.65,0.545,0.647,0.591,0.6,0.8,0.591,0.706,0.65,0.6,0.737,0.65,0.765,0.4,0.5,0.667,0.6,0.688,0.6,0.727
Cluster_2522.mature::NC_058068.1:598173-598195(+), , , , , , , , , , ,0.647,0.7,0.75,0.444,0.591,0.667,0.65,0.636,0.647,0.818,0.762,0.632,0.75,0.45,0.647,0.727,0.556,0.65,0.588,0.875,0.684,0.722,0.714,0.556,0.556,0.765,0.765,0.556,0.579,0.842,0.75,0.688,0.45,0.385,0.65,0.588,0.765,0.842,0.636,0.455,0.667,0.647,0.789,0.556,0.762,0.75,0.706,0.75,0.647,0.571,0.6,0.6,0.636,0.6,0.722,0.722,0.778,0.65,0.7,0.65,0.8,0.722,0.75,0.471,0.5,0.444,0.727,0.8,0.682,0.591,0.833,0.65,0.632,0.611,0.714,0.667,0.667,0.667,0.615,0.667,0.875,0.611,0.647,0.762,0.5,0.647,0.6,0.667,0.833,0.765,0.65,0.545,0.647,0.591,0.6,0.8,0.591,0.706,0.65,0.6,0.737,0.65,0.765,0.4,0.5,0.667,0.6,0.688,0.6,0.727
Cluster_2551.mature::NC_058068.1:3756521-3756544(-), , , , , , , , , , , ,0.737,0.533,0.667,0.647,0.818,0.368,0.882,0.619,0.765,0.778,0.75,0.632,0.684,0.696,0.647,0.762,0.81,0.5,0.857,0.95,0.714,0.688,0.8,0.8,0.636,0.636,0.75,0.714,0.7,0.632,0.636,0.684,0.579,0.737,0.75,0.727,0.8,0.765,0.529,0.833,0.696,0.95,0.769,0.625,0.684,0.727,0.684,0.619,0.611,0.579,0.579,0.706,0.6,0.65,0.6,0.6,0.684,0.684,0.733,0.737,0.619,0.684,0.727,0.619,0.714,0.588,0.684,0.706,0.647,0.714,0.737,0.75,0.524,0.667,1,0.524,0.762,0.789,0.714,0.545,0.81,0.727,0.789,0.684,0.619,0.6,0.667,0.722,0.667,0.632,0.706,0.773,0.824,0.684,0.842,0.647,0.773,0.684,0.737,0.737,0.737,0.636,0.714,0.421,0.778,0.737,0.714,0.789,0.824
Cluster_3019.mature::NC_058068.1:17539511-17539533(-), , , , , , , , , , , , ,0.667,0.636,0.85,0.6,0.818,0.6,0.737,0.692,0.619,0.714,0.773,0.591,0.895,0.8,0.7,0.682,0.684,0.7,0.571,0.95,0.579,0.75,0.75,0.789,0.789,0.75,0.706,0.857,0.864,0.833,0.591,0.6,0.682,0.533,0.632,0.667,0.85,0.846,0.714,0.895,0.619,0.938,0.842,0.727,0.789,0.727,0.737,0.857,0.818,0.818,0.85,0.778,0.9,0.9,0.85,0.773,0.773,0.722,0.636,0.9,0.773,0.737,0.65,0.65,0.8,0.773,0.85,0.85,0.55,0.591,0.762,0.75,0.762,0.8,0.75,0.824,0.733,0.75,0.778,0.8,0.895,0.727,0.545,0.737,0.591,0.8,0.786,0.895,0.727,0.85,0.842,0.75,0.818,0.773,0.85,0.789,0.864,0.773,0.762,0.591,0.842,0.529,0.682,0.714,0.727,0.778,0.727,0.75
Cluster_3087.mature::NC_058069.1:1868155-1868177(+), , , , , , , , , , , , , ,0.286,0.65,0.438,0.611,0.6,0.6,1,0.632,0.647,0.556,0.611,0.8,0.524,0.875,0.667,0.667,0.667,0.647,0.813,0.667,0.563,0.563,0.8,0.8,0.563,0.619,0.765,0.778,0.643,0.611,0.545,0.667,0.526,0.533,0.765,0.85,0.556,0.632,0.8,0.647,0.7,0.524,0.722,0.667,0.722,0.6,0.789,0.722,0.722,0.75,0.682,0.75,0.75,0.75,0.667,0.833,0.762,0.667,0.813,0.611,0.4,0.625,0.688,0.45,0.722,0.75,0.65,0.563,0.611,0.529,0.688,0.632,0.786,0.563,0.615,0.818,0.813,0.5,0.813,0.8,0.579,0.556,0.6,0.778,0.875,0.5,0.867,0.556,0.65,0.6,0.85,0.667,0.722,0.65,0.8,0.778,0.722,0.765,0.667,0.667,0.615,0.556,0.789,0.722,0.643,0.833,0.6
Cluster_3090.mature::NC_058069.1:2018510-2018533(-), , , , , , , , , , , , , , ,0.556,0.571,0.727,0.444,0.538,0.7,0.7,0.75,0.727,0.545,0.8,0.444,0.769,0.692,0.643,0.682,0.583,0.615,0.625,0.75,0.75,0.714,0.714,0.75,0.667,0.833,0.727,0.8,0.545,0.611,0.818,0,0.643,0.833,0.778,0.75,0.6,0.8,0.833,0.6,0.5,0.636,0.857,0.636,0.538,0.2,0.727,0.727,0.556,0.429,0.833,0.833,0.833,0.545,0.636,0.714,0.545,0.615,0.545,0.5,0.538,0.538,0.556,0.636,0.556,0.556,0.462,1,0.667,0.769,0.8,0,0.692,0.625,0.722,0.692,0.6,0.615,0.786,0.636,0.545,0.538,0.75,0.769,0.579,0.846,0.727,0.556,0.5,0.667,0.455,0.636,0.556,0.643,0.727,0.364,0.545,0.545,0.714,0.625,0.636,0.7,0.545,0.714,0.727,0.556
Cluster_3672.mature::NC_058069.1:21012168-21012190(-), , , , , , , , , , , , , , , ,0.611,0.5,0.636,0.588,0.727,0.714,0.789,0.8,0.6,0.647,0.682,0.611,0.7,0.471,0.875,0.789,0.5,0.762,0.444,0.444,0.588,0.588,0.5,0.632,0.526,0.55,0.813,0.6,0.462,0.6,0.647,0.824,0.737,0.682,0.364,0.762,0.647,0.579,0.611,0.667,0.8,0.765,0.8,0.588,0.571,0.55,0.55,0.727,0.5,0.667,0.667,0.667,0.65,0.55,0.65,0.6,0.611,0.7,0.529,0.556,0.556,0.591,0.6,0.682,0,0.667,0.7,0.579,0.556,0.619,0.833,0.667,0.667,0.538,0.722,0.688,0.833,0.647,0.667,0.65,0.588,0.7,0.667,0.583,0.647,0.55,0.682,0.647,0.727,0.75,0.7,0,0.706,0.8,0.7,0.789,0.65,0.647,0.533,0.5,0.762,0.7,0.563,0.85,0.682
Cluster_3973.mature::NC_058070.1:2185007-2185030(-), , , , , , , , , , , , , , , , ,0.8,0.667,0.571,0.813,0.579,0.762,0.75,0.5,0.773,0.778,0.818,0.773,0.818,0.769,0.619,0.727,0.647,0.476,0.476,0.773,0.773,0.476,0.6,0.857,0.75,0.762,0.5,0.722,0.5,0.385,0.682,0.714,0.778,0.625,0.526,0.773,0.524,0.786,0.765,0.65,0.727,0.65,0.571,0.737,0.8,0.8,0.778,0.688,0.81,0.857,0.81,0.65,0.9,0.688,0.65,0.909,0.8,0.5,0.773,0.727,0.722,0.75,0.667,0.611,0.5,0.45,0.381,0.773,0.789,0.75,0.818,0.5,0.556,0.727,0.714,0.727,0.773,0.8,0.5,0.571,0.81,0.727,0.765,0.905,0.55,0.611,0.545,0.833,0.9,0.6,0.611,0.727,0.75,0.7,0.75,0.7,0.773,0.6,0.75,0.632,0.65,0.476,0.7,0.333
Cluster_4247.mature::NC_058070.1:11598966-11598988(+), , , , , , , , , , , , , , , , , ,0.8,0.737,0.846,0.81,0.714,0.773,0.545,0.579,0.55,0.45,0.545,0.526,0.8,0.905,0.55,0.684,0.5,0.5,0.737,0.737,0.45,0.588,0.667,0.5,0.611,0.545,0.533,0.636,0.6,0.789,0.857,0.5,0.538,0.81,0.579,0.762,0.688,0.526,0.636,0.579,0.636,0.737,0.571,0.409,0.409,0.6,0.611,0.7,0.7,0.7,0.591,0.545,0.722,0.682,0.5,0.636,0.632,0.55,0.6,0.45,0.591,0.55,0.5,0.85,0.591,0.762,0.45,0.524,0.9,0.65,0.765,0.733,0.65,0.778,0.55,0.579,0.727,0.591,0.737,0.455,0.55,0.643,0.737,0.545,0.7,0.632,0.55,0.636,0.773,0.5,0.684,0.636,0.818,0.857,0.818,0.632,0.588,0.5,0.762,0.545,0.556,0.682,0.7
Cluster_4867.mature::NC_058070.1:26874026-26874048(+), , , , , , , , , , , , , , , , , , ,0.647,0.909,0.667,0.632,0.65,0.75,0.529,0.545,0.556,0.6,0.706,0.625,0.526,0.611,0.81,0.556,0.556,0.765,0.765,0.611,0.579,0.789,0.85,0.75,0.75,0.538,0.75,0.588,0.647,0.789,0.682,0.727,0.571,0.529,0.737,0.389,0.571,0.7,0.706,0.7,0.647,0.571,0.75,0.75,0.636,0.65,0.944,0.944,0.944,0.75,0.7,0.7,0.55,0.667,0.6,0.529,0.556,0.556,0.636,0.85,0.773,0.636,0.444,0.8,0.632,0.611,0.476,0.833,0.611,0.4,0.462,0.667,0.75,0.611,0.529,0.571,0.75,0.647,0.7,0.778,0.583,0.824,0.65,0.727,0.647,0.545,0.6,0.8,0.636,0.706,0.7,0.45,0.526,0.45,0.706,0.4,0.8,0.524,0.65,0.75,0.7,0.5
Cluster_5241.mature::NC_058071.1:8840802-8840823(+), , , , , , , , , , , , , , , , , , , ,1,0.722,0.75,0.789,0.632,0.571,0.529,0.905,0.81,0.667,0.833,0.7,0.762,0.813,0.75,0.75,0.571,0.571,0.75,0.643,0.55,0.842,0.6,0.632,0.706,0.737,0.667,0.952,0.65,0.706,0.667,0.722,0.571,0.75,0.538,0.563,0.789,0.81,0.789,0,0.5,0.789,0.789,0.765,0.6,0.85,0.8,0.8,0.737,0.684,0.867,0.842,0.667,0.895,0.857,0.714,0.714,0.471,0.737,0.882,0.588,0.667,0.684,0.65,0.714,0.778,0.714,0.619,0.684,0.647,0.714,0.7,0.81,0.571,0.737,0.632,0,0.9,0.619,0.75,0.857,0.579,0.647,0.667,0.706,0.737,0.632,0.588,0.619,0.474,0.684,0.789,0.684,0.714,0.579,0.526,0.611,0.579,0.7,0.789,0.706
Cluster_6376.mature::NC_058072.1:19030617-19030639(+), , , , , , , , , , , , , , , , , , , , ,0.75,0.929,0.846,0.846,0.882,1,0.667,0.733,0.813,0.737,0.643,0.667,0.8,0.857,0.857,0.813,0.813,0.857,0.625,0.786,0.923,0.824,0.846,0.8,0.615,1,0.688,0.643,0.727,0.727,0.75,0.882,0.643,0.857,1,0.846,0.813,0.846,1,0.75,0.769,0.769,0.818,0.778,0.571,0.571,0.571,0.692,0.846,0.556,0.615,0.667,0.692,0.813,0.733,0.733,0.909,0.692,0.455,0.727,0.667,0.538,0.929,0.667,0.833,0,0.733,0.833,0.8,0.6,0.706,0.8,0.875,0.923,0.846,1,0.571,0.867,0.714,0.6,0.846,0.727,0.813,0.636,0.846,0.692,0.727,0.688,0.846,0.692,0.615,0.615,0.938,0.778,0.923,0.833,0.846,0.813,0.692,0.727
Cluster_6439.mature::NC_058072.1:23262867-23262889(-), , , , , , , , , , , , , , , , , , , , , ,0.75,0.619,0.905,0.722,0.857,0.789,0.714,0.778,0.778,0.5,0.684,0.65,0.842,0.842,0.667,0.667,0.842,0.778,0.75,0.762,0.765,0.905,0.786,0.571,0.563,0.722,0.8,0.762,0.75,0.727,0.722,0.7,0.529,0.85,0.857,0.778,0.905,0.722,0.727,0.81,0.81,0.714,0.842,0.789,0.789,0.789,0.571,0.762,0.579,0.571,0.842,0.762,0.611,0.789,0.737,0.714,0.667,0.857,0.714,0.579,0.81,0.55,0.579,0.727,0.909,0.789,0.375,0.429,0.632,0.588,0.579,0.722,0.864,0.857,0.722,0.762,0.579,0.538,0.722,0.857,0.667,0.722,0.81,0.81,0.714,0.714,0.722,0.81,0.619,0.6,0.524,0.833,0.625,0.81,0.682,0.667,0.706,0.714,0.476
Cluster_6958.mature::NC_058073.1:11426850-11426872(-), , , , , , , , , , , , , , , , , , , , , , ,0.714,0.714,0.65,0.474,0.81,0.636,0.8,0.727,0.864,0.857,0.722,0.762,0.762,0.8,0.8,0.762,0.625,0.773,0.81,0.526,0.714,0.75,0.619,0.643,0.8,0.864,0.737,0.857,0.7,0.65,0.864,0.667,0.444,0.667,0.6,0.619,0.75,0.7,0.81,0.81,0.737,0.706,0.714,0.762,0.762,0.571,0.714,0.706,0.905,0.476,0.762,0.7,0.905,0.81,0.579,0.81,0.789,0.789,0.81,0.81,0.864,0.619,0.9,0.778,0.857,0.778,0.438,0.619,0.842,0.524,0.65,0.667,0.714,0.75,0.591,0.81,0.533,0.65,0.714,0.842,0.75,0.684,0.667,0.667,0.789,0.75,0.667,0.619,0.571,0.619,0.7,0.611,0.667,0.7,0.571,0.842,0.762,0.737
Cluster_6965.mature::NC_058073.1:11856173-11856195(+), , , , , , , , , , , , , , , , , , , , , , , ,0.773,0.789,0.65,0.8,0.864,0.789,0.7,0.667,0.7,0.842,0.8,0.8,0.684,0.684,0.8,0.765,0.857,0.818,0.889,0.773,0.8,0.773,0.8,0.526,0.762,0.55,0.692,0.714,0.789,0.714,0.625,0.632,0.864,0.684,0.864,0.789,0.762,0.727,0.727,0.7,0.778,0.55,0.55,0.6,0.818,0.818,0.611,0.818,0.75,0.773,0.789,0.9,0.8,0.7,0.864,0.85,0.8,0.85,0.727,0.667,0.65,0.714,0.7,0.75,0.529,0.8,0.8,0.556,0.65,0.789,0.682,0.773,0.789,0.682,0.75,0.714,0.632,0.818,0.55,0.632,0.9,0.727,0.727,0.8,0.842,0.773,0.773,0.667,0.727,0.632,0.529,0.727,0.762,0.818,0.833,0.682,0.6
Cluster_6977.mature::NC_058073.1:12437102-12437124(+), , , , , , , , , , , , , , , , , , , , , , , , ,0.737,0.8,0.75,0.591,0.579,0.9,0.81,0.8,0.684,0.55,0.55,0.632,0.632,0.5,0.529,0.857,0.636,0.833,0,0.6,0.636,0.533,0.684,0.857,0.7,0.615,0.714,0.737,0.619,0.813,0.842,0.727,0.579,0.727,0.632,0.667,0.727,0.727,0.6,0.611,0.7,0.7,0.75,0.773,0.636,0.778,0.818,0.9,0.773,0.632,0.6,0.6,0.7,0.682,0.7,0.6,0.65,0.545,0.667,0.7,0.714,0.7,0.8,0.824,0.733,0.85,0.944,0.8,0.737,0.773,0.045,0.632,0.682,0.8,0.857,0.789,0.636,0.55,0.684,0.6,0.727,0.818,0.6,0.579,0.682,0.773,0.905,0.773,0.842,0.588,0.682,0.714,0.636,0.722,0.636,0.75
Cluster_7025.mature::NC_058073.1:15996878-15996901(-), , , , , , , , , , , , , , , , , , , , , , , , , ,0.471,0.571,0.714,0.773,0.786,0.75,0.571,0.75,0.7,0.7,0.682,0.682,0.75,0.5,0.75,0.632,0.636,0.737,0.789,0.789,0.75,0.864,0.8,0.765,0.529,0.611,0,0.65,0.385,0.438,0.684,0.636,0.684,0.571,0.611,0.684,0.684,0.706,0.667,0.7,0.7,0.7,0.632,0.632,0.667,0.737,0.667,0.632,0.636,0.619,0.619,0.588,0.684,0.765,0.647,0.667,0.789,0.75,0.476,0.722,1,0.619,0.571,0.474,0.619,0.818,0.571,0,0.632,0.737,0.571,0.65,0.619,0.667,0.619,0.684,0.529,0.636,0.471,0.632,0.579,0.647,0.636,0.474,0.632,0.684,0.684,0.727,0.667,0.737,0.556,0.579,0.524,0.632,0.706
Cluster_7077.mature::NC_058074.1:2966522-2966545(+), , , , , , , , , , , , , , , , , , , , , , , , , , ,0.722,0.6,0.647,0.375,0.632,0.722,0.727,0.778,0.778,0.706,0.706,0.778,0.65,0.579,0.8,0.5,0.8,0.692,0.9,0.722,0.706,0.842,0.727,0.545,0.762,0.471,0.842,0.684,0,0.65,0.706,0.65,0.529,0.524,0.65,0.65,0.727,0.667,0.722,0.722,0.722,0.65,0.55,0.714,0.75,0.5,0.65,0.647,0.667,0.667,0.545,0.7,0.727,0.682,0.722,0.8,0.842,0.5,0.667,0.846,0.667,0.667,0.538,0.722,0.688,0.556,0.471,0.476,0.8,0.529,0.7,0.611,0.5,0.706,0.75,0.773,0.471,0.636,0.5,0.6,0.682,0.765,0.6,0.65,0.737,0.6,0.647,0.6,0.65,0.714,0.6,0.625,0.65,0.682
Cluster_8475.mature::NC_058075.1:15908522-15908544(+), , , , , , , , , , , , , , , , , , , , , , , , , , , ,0.682,0.857,0.833,0.667,0.545,0.882,0.429,0.429,0.857,0.857,0.476,0.6,0.81,0.55,0.7,0.75,0.647,0.7,0.769,0.714,0.714,0.389,0.6,0.684,0.571,0.571,0.571,0.706,0.65,0.667,0.65,0.905,0.684,0.5,0.5,0.667,0.813,0.762,0.762,0.762,0.6,0.65,0.5,0.6,0.591,0.75,0.571,0.545,0.636,0.722,0.8,0.5,0.611,0.727,0.5,0.714,0.636,0.474,0.875,0.773,0.632,0.706,0.773,0.8,0.545,0.571,0.75,0.75,0.905,0.381,0.682,0.938,0.714,0.7,0.611,0.667,0.333,0.5,0.8,0.611,0.714,0.7,0.7,0.65,0.75,0.81,0.474,0.85,0.526,0.75,0.6,0.5,0.778
Cluster_8545.mature::NC_058075.1:19537877-19537901(-), , , , , , , , , , , , , , , , , , , , , , , , , , , , ,0.714,0.917,0.773,0.545,0.474,0.619,0.619,0.714,0.714,0.619,0.588,0.773,0.682,0.65,0.591,0.706,0.636,0.467,0.571,0.773,0.7,0.6,0.571,0.714,0.773,0.688,0.632,0.818,0.619,0.818,0.81,0.619,0.682,0.682,0.6,0.611,0.619,0.667,0.667,0.455,0.591,0.722,0.591,0.682,0.545,0.476,0.591,0.682,0.7,0.636,0.7,0.7,0.682,0.773,0.773,0.636,0.714,0.9,0.682,0.579,0.588,0.682,0.65,0.636,0.714,0.682,0.636,0.81,0.522,0.682,0.563,0.524,0.773,0.7,0.762,0.4,0.591,0.727,0.7,0.429,0.5,0.591,0.714,0.682,0.714,0.737,0.636,0.667,0.636,0.75,0.591,0.7
Cluster_9460.mature::NC_058077.1:2892707-2892729(+), , , , , , , , , , , , , , , , , , , , , , , , , , , , , ,0.615,0.75,0.619,0.625,0.7,0.7,0.591,0.591,0.65,0.571,0.6,0.737,0.667,0.579,0.5,0.789,0.667,0.682,0.7,0.824,0.625,0.778,0.773,0.85,0.615,0.688,0.789,0.682,0.789,0.667,0.556,0.579,0.579,0.706,0.6,0.7,0.65,0.65,0.632,0.579,0.8,0.684,0.667,0.579,0.818,0.571,0.571,0.647,0.579,0.824,0.471,0.714,0.842,0.65,0.619,0.611,0.714,0.571,0.8,0.778,0.667,0.667,0.81,0.773,0.632,0.579,0.667,0.7,0.667,0.529,0.667,0.684,0.882,0.727,0.824,0.684,0.632,0.471,0.727,0.684,0.684,0.789,0.579,0.727,0.7,0.579,0.778,0.737,0.762,0.789,0.765
Cluster_10055.mature::NC_058077.1:21629096-21629118(+), , , , , , , , , , , , , , , , , , , , , , , , , , , , , , ,0.455,0.917,0.857,0.909,0.909,0.846,0.846,0.909,0.8,0.818,0.7,0.857,0.9,0.706,0.6,0.667,0.692,0.909,1,0.842,0.889,0.786,0.636,1,0.429,0.3,0.846,0.2,0.833,0.444,0.6,0.6,0.75,0.833,0.909,0.909,0.909,0.7,0.9,0.833,0.5,0.667,0.9,0.769,0.833,0.667,0.625,0.9,0.625,0.875,0.75,0.9,0.818,0.75,0.889,0,0.75,0.8,0.706,0.583,0.786,0.583,0.769,0.6,0.9,0.833,0.818,0.667,0.667,0.917,0.8,0.875,0.769,0.875,0.6,0.8,0.875,0.769,0.8,0.6,0.7,0.5,0.692,0.8,0.9,1,0.7,0.846,0.8,0.625
Cluster_10187.mature::NC_058078.1:5700442-5700464(-), , , , , , , , , , , , , , , , , , , , , , , , , , , , , , , ,0.905,0.667,0.81,0.81,0.8,0.8,0.81,0.625,0.727,0.905,0.789,0.81,0.813,0.762,0.643,0.6,0.591,0.684,0.714,0.65,0.75,0.591,0.667,0.667,0.714,0.85,0.714,0.7,0.6,0.857,0.857,0.684,0.765,0.81,0.81,0.857,0.667,0.81,0.529,0.429,0.81,0.857,0.75,0.762,0.714,0.684,0.81,0.737,0.789,0.524,0.667,0.727,0.857,0.6,0.778,0.714,0.722,0.688,0.762,0.737,0.714,0.75,0.81,0.81,0.7,0.682,0.762,0.8,0.85,0.952,0.789,0.8,0.737,0.667,0.667,0.789,0.75,0.714,0.571,0.571,0.524,0.85,0.611,0.857,0.55,0.81,0.737,0.571,0.474
Cluster_10487.mature::NC_058078.1:13646563-13646585(+), , , , , , , , , , , , , , , , , , , , , , , , , , , , , , , , ,0.765,0.429,0.429,0.714,0.714,0.476,0.533,0.667,0.7,0.8,0.8,0.706,0.7,0.615,0.81,0.905,0.611,0.467,0.579,0.571,0.762,0.5,0.706,0.9,0.619,0.9,0.762,0.632,0.55,0.55,0.611,0.875,0.667,0.619,0.619,0.5,0.6,0.75,0.75,0.591,0.55,0.667,0.636,0.682,0.667,0.55,0.722,0.5,0.636,0.85,0.524,0.5,0.632,0.75,0.682,0.368,0.647,0.773,0.7,0.636,0.571,0.6,0.8,0.762,0.619,0.727,0.688,0.571,0.8,0.667,0.619,0.5,0.6,0.7,0.5,0.619,0.6,0.6,0.65,0.65,0.714,0.526,0.8,0.579,0.75,0.65,0.7,0.556
Cluster_10675.mature::NC_058079.1:2370984-2371006(+), , , , , , , , , , , , , , , , , , , , , , , , , , , , , , , , , ,0.706,0.706,0.688,0.688,0.706,0.7,0.667,0.789,0.667,0.684,0.75,0.737,0.444,0.625,0.722,0.857,0.8,0.5,0.75,0.667,0.842,0.727,0.737,0.625,0.737,0.813,0.7,0.737,0.737,0.667,0.714,0.824,0.824,0.765,0.579,0.789,0.619,0.684,0.824,0.684,0.563,0.706,0.706,0.714,0.737,0.762,0.762,0.529,0.737,0.722,0.765,0.75,0.769,0.588,0.786,0.667,0.588,0.733,0.706,0.75,0.6,0.684,0.813,0.526,0.824,0.455,0.75,0.632,0.81,0.813,0.762,0.684,0.684,0.762,0.688,0.789,0.684,0.722,0.632,0.75,0.786,0.526,0.75,0.789,0.733,0.737,0.667
Cluster_10726.mature::NC_058079.1:5232178-5232199(+), , , , , , , , , , , , , , , , , , , , , , , , , , , , , , , , , , ,0,0.8,0.8,0.048,0.4,0.667,0.7,0.737,0.55,0.563,0.6,0.462,0.65,0.762,0.556,0.571,0.579,0.7,0.476,0.571,0.765,0.65,0.4,0.65,0.75,0.684,0.5,0.5,0.611,0.813,0.81,0.857,0.857,0.55,0.75,0.688,0.65,0.619,0.7,0.5,0.619,0.619,0.611,0.7,0.722,0.444,0.571,0.5,0.524,0.667,0.632,0.75,0.762,0.556,0.813,0.762,0.895,0.667,0.7,0.55,0.55,0.75,0.619,0.619,0.8,0.8,0.6,0.722,0.65,0.556,0.7,0.8,0.444,0.75,0.75,0.65,0.7,0.65,0.7,0.444,0.65,0.474,0.75,0.579,0.75,0.667
Cluster_10729.mature::NC_058079.1:5261442-5261463(+), , , , , , , , , , , , , , , , , , , , , , , , , , , , , , , , , , , ,0.8,0.8,0.048,0.4,0.667,0.7,0.737,0.55,0.563,0.6,0.462,0.65,0.762,0.556,0.571,0.579,0.7,0.476,0.571,0.765,0.65,0.4,0.65,0.75,0.684,0.5,0.5,0.611,0.813,0.81,0.857,0.857,0.55,0.75,0.688,0.65,0.619,0.7,0.5,0.619,0.619,0.611,0.7,0.722,0.444,0.571,0.5,0.524,0.667,0.632,0.75,0.762,0.556,0.813,0.762,0.895,0.667,0.7,0.55,0.55,0.75,0.619,0.619,0.8,0.8,0.6,0.722,0.65,0.556,0.7,0.8,0.444,0.75,0.75,0.65,0.7,0.65,0.7,0.444,0.65,0.474,0.75,0.579,0.75,0.667
Cluster_16040.mature::NW_025322765.1:722296-722318(+), , , , , , , , , , , , , , , , , , , , , , , , , , , , , , , , , , , , ,0,0.85,0.5,0.6,0.737,0.714,0.632,0.611,0.789,0.75,0.727,0.75,0.765,0.75,0.722,0.682,0.65,0.538,0.688,0.842,0.818,0.842,0.571,0.556,0.842,0.842,0.647,0.733,0.65,0.6,0.6,0.737,0.789,0.6,0.684,0.762,0.789,0.818,0.667,0.619,0.588,0.789,0.824,0.588,0.571,0.842,0.65,0.667,0.889,0.857,0.667,0.6,0.722,0.762,0.667,0.619,0.682,0.842,0.632,0.571,0.85,0.714,0.706,0.571,0.684,0.529,0.682,0.824,0.789,0.579,0.588,0.682,0.789,0.789,0.789,0.737,0.682,0.9,0.737,0.778,0.737,0.762,0.632,0.824
Cluster_16041.mature::NW_025322765.1:799181-799203(-), , , , , , , , , , , , , , , , , , , , , , , , , , , , , , , , , , , , , ,0.85,0.5,0.6,0.737,0.714,0.632,0.611,0.789,0.75,0.727,0.75,0.765,0.75,0.722,0.682,0.65,0.538,0.688,0.842,0.818,0.842,0.571,0.556,0.842,0.842,0.647,0.733,0.65,0.6,0.6,0.737,0.789,0.6,0.684,0.762,0.789,0.818,0.667,0.619,0.588,0.789,0.824,0.588,0.571,0.842,0.65,0.667,0.889,0.857,0.667,0.6,0.722,0.762,0.667,0.619,0.682,0.842,0.632,0.571,0.85,0.714,0.706,0.571,0.684,0.529,0.682,0.824,0.789,0.579,0.588,0.682,0.789,0.789,0.789,0.737,0.682,0.9,0.737,0.778,0.737,0.762,0.632,0.824
Cluster_17867.mature::NW_025323116.1:130838-130859(-), , , , , , , , , , , , , , , , , , , , , , , , , , , , , , , , , , , , , , ,0.467,0.667,0.65,0.737,0.5,0.563,0.6,0.462,0.6,0.762,0.556,0.571,0.579,0.75,0.524,0.643,0.765,0.6,0.35,0.6,0.75,0.737,0.55,0.55,0.556,0.813,0.81,0.857,0.857,0.55,0.75,0.75,0.7,0.619,0.65,0.55,0.667,0.667,0.556,0.7,0.667,0.5,0.619,0.5,0.524,0.714,0.579,0.75,0.81,0.556,0.813,0.762,0.895,0.667,0.75,0.6,0.5,0.75,0.619,0.571,0.8,0.85,0.65,0.778,0.65,0.611,0.75,0.8,0.5,0.7,0.75,0.7,0.75,0.7,0.75,0.444,0.65,0.421,0.75,0.579,0.75,0.667
Cluster_29.mature::Porites_evermani_scaffold_1:1404271-1404293(-), , , , , , , , , , , , , , , , , , , , , , , , , , , , , , , , , , , , , , , ,0.563,0.882,0.615,0.529,0.6,0.588,0.75,0.786,0.813,0.737,0.625,0.611,0.5,0.563,0.667,0.65,0.765,0.429,0.765,0.643,0.611,0.765,0.765,0.526,0.714,0.667,0.667,0.733,0.529,0.882,0.7,0.706,0.667,0.882,0.571,0.467,0.4,0.526,0.824,0.737,0.632,0.467,0.529,0.75,0.533,0.778,0.667,0.6,0.667,0.5,0.533,0.846,0.533,0.5,0.778,0.529,0.643,0.588,0.8,0.556,0.571,0.588,0.632,0.786,0.579,0.647,0.647,0.632,0.571,0.647,0.765,0.813,0.647,0.643,0.75,0.765,0.556,0.588,0.692,0.647,0.684
Cluster_578.mature::Porites_evermani_scaffold_16:383436-383458(-), , , , , , , , , , , , , , , , , , , , , , , , , , , , , , , , , , , , , , , , ,0.762,0.579,0.857,0.75,0.81,0.786,0.95,0.591,0.737,0.714,0.85,0.75,0.682,0.667,0.556,0.81,0.75,0.81,0.55,0.75,0.81,0.81,0.684,0.647,0.762,0.714,0.714,0.714,0.714,0.882,0.81,0.524,0.81,0.9,0.762,0.762,0.684,0.714,0.789,0.526,0.667,0.762,0.773,0.762,0.75,0.667,0.714,0.778,0.75,0.714,0.684,0.857,0.75,0.762,0.857,0.55,0.818,0.619,0.667,0.75,0.762,0.789,0.8,0.789,0.905,0.571,0.526,0.7,0.762,0.762,0.81,0.667,0.75,0.833,0.667,0.8,0.619,0.632,0.857,0.632
Cluster_786.mature::Porites_evermani_scaffold_26:382571-382593(-), , , , , , , , , , , , , , , , , , , , , , , , , , , , , , , , , , , , , , , , , ,0.833,0.636,0.467,0.727,0.6,0.789,0.762,0.8,0.692,0.81,0.632,0.762,0.875,0.789,0.636,0.737,0.591,0.842,0.762,0.591,0.591,0.65,0.556,0.7,0.7,0.7,0.773,0.636,0.833,0.591,0.7,0.682,0.579,0.7,0.75,0.75,0.636,0.55,0.55,0.65,0.773,0.571,0.65,0.81,0.8,0.7,0.588,0.667,0.9,0.611,0.7,0.632,0.773,0.682,0.842,0.727,0.55,0.929,0.737,0.727,0.7,0.737,0.65,0.818,0.818,0.55,0.789,0.727,0.909,0.952,1,0.789,0.765,0.727,0.762,0.682,0.556,0.636,0.75
Cluster_1125.mature::Porites_evermani_scaffold_47:475993-476015(-), , , , , , , , , , , , , , , , , , , , , , , , , , , , , , , , , , , , , , , , , , ,0.833,0.737,0.722,0.636,0.857,0.632,0.875,0.765,0.824,0.636,0.842,0.75,0.467,0.611,0.667,0.611,0.6,0.588,0.722,0.722,0.875,0.786,0.842,0.789,0.789,0.5,0.722,0.571,0.833,0.7,0.611,0.762,0.75,0.75,0.688,0.722,0.563,0.813,0.7,0.556,0.789,0.65,0.765,1,0.6,0.857,0.684,0.8,0.727,0.7,0.667,0.778,0.833,0.6,0.789,0.75,0.611,0.75,0.556,0.75,0.762,0.75,0.722,0.611,0.813,0.81,0.5,0.667,0.722,0.722,0.667,0.714,0.556,0.588,0.667,0.81,0.833,0.625
Cluster_1153.mature::Porites_evermani_scaffold_49:151639-151661(-), , , , , , , , , , , , , , , , , , , , , , , , , , , , , , , , , , , , , , , , , , , ,0.6,0.636,0.533,0.684,0.857,0.7,0.615,0.714,0.737,0.619,0.813,0.842,0.727,0.579,0.727,0.632,0.667,0.727,0.727,0.6,0.611,0.7,0.7,0.75,0.773,0.636,0.778,0.818,0.9,0.773,0.632,0.6,0.6,0.7,0.682,0.7,0.6,0.65,0.545,0.667,0.7,0.714,0.7,0.8,0.824,0.733,0.85,0.944,0.8,0.737,0.773,0.045,0.632,0.682,0.8,0.857,0.789,0.636,0.55,0.684,0.6,0.727,0.818,0.6,0.579,0.682,0.773,0.905,0.773,0.842,0.588,0.682,0.714,0.636,0.722,0.636,0.75
Cluster_2770.mature::Porites_evermani_scaffold_138:127965-127987(+), , , , , , , , , , , , , , , , , , , , , , , , , , , , , , , , , , , , , , , , , , , , ,0.667,0.5,0.778,0.813,0.769,0.75,0.786,0.789,0.813,0.778,0.75,0.6,0.833,0.6,0.706,0.5,0.533,0.533,0.769,0.455,0.688,0.75,0.75,0.8,0.867,0.909,0.667,0.647,0.667,0.556,0.529,0.529,0.846,0.867,0.615,0.462,0.706,0.733,0.438,0.647,0.643,0.667,0.588,0.55,0.727,0.647,0.789,0.647,0.778,0.733,0.6,0.706,0.813,0.647,0.714,0.765,0.533,0.769,0.778,0.692,0.733,0.933,0.462,0.833,0.733,0.733,0.867,0.733,0.556,0.6,0.533,0.786,0.667,0.722,0.8,0.769
Cluster_2837.mature::Porites_evermani_scaffold_145:5405-5427(+), , , , , , , , , , , , , , , , , , , , , , , , , , , , , , , , , , , , , , , , , , , , , ,0.667,0.737,0.714,0.7,0.769,0.857,0.789,0.619,0.75,0.895,0.682,0.684,0.636,0.737,0.762,0.636,0.636,0.75,0.778,0.7,0.7,0.7,0.5,0.818,0.611,0.636,0.8,0.909,0.684,0.85,0.8,0.7,0.818,0.75,0.6,0.65,0.545,0.571,0.6,0.81,0.8,0.9,0.706,0.667,0.7,0.778,0.65,0.789,0.909,0.682,0.737,0.591,0.75,0.786,0.737,0.591,0.75,0.842,0.7,0.773,0.773,0.6,0.632,0.682,0.727,0.714,0.682,0.789,0.529,0.591,0.857,0.682,0.722,0.864,0.6
Cluster_2871.mature::Porites_evermani_scaffold_148:94582-94604(-), , , , , , , , , , , , , , , , , , , , , , , , , , , , , , , , , , , , , , , , , , , , , , ,0.667,0.857,0.882,0.833,0.313,0.75,0.571,0.667,0.722,0.533,0.667,0.533,0.667,0.625,0.8,0.8,0.706,0.737,1,1,0.923,0.6,0.6,0.778,0.667,0.769,0.667,0.417,0.615,0.615,0.647,0.467,0.706,0.647,0.385,0.667,0.5,0.692,0.875,0.765,0.692,0.4,0.625,0.692,0.636,0.615,0.75,0.75,0.6,0.667,0.467,0.769,0.571,0.917,0.533,0.765,0.75,0.588,0.667,0.6,0.647,0.833,0.667,0.6,0.714,0.733,0.917,0.6,0.6,0.625,0.667,0.636,0.733,0.588
Cluster_4063.mature::Porites_evermani_scaffold_253:200964-200986(+), , , , , , , , , , , , , , , , , , , , , , , , , , , , , , , , , , , , , , , , , , , , , , , ,0.65,0.824,0.813,0.611,0.864,0.6,0.846,0.75,0.684,0.591,0.684,0.952,0.778,0.684,0.684,0.588,0.8,0.65,0.7,0.7,0.632,0.737,0.467,0.526,0.857,0.579,0.545,0.714,0.762,0.765,0.737,0.647,0.824,0.667,0.737,0.75,0.81,0.667,0.714,0.762,0.6,0.833,0.762,0.667,0.714,0.864,0.579,0.684,0.952,0.55,0.667,0.647,0.619,0.895,0.765,0.727,0.647,0.579,0.632,0.824,0.727,0.737,0.632,0.632,0.632,0.818,0.65,0.789,0.722,0.789,0.762,0.579,0.765
Cluster_4064.mature::Porites_evermani_scaffold_253:202285-202307(+), , , , , , , , , , , , , , , , , , , , , , , , , , , , , , , , , , , , , , , , , , , , , , , , ,0.737,0.643,0.75,0.8,0.545,0.8,0.833,0.667,0.85,0.667,0.65,0.85,0.857,0.857,0.895,0.529,0.619,0.571,0.524,0.714,0.857,0.529,0.524,0.762,0.714,0.7,0.81,0.857,0.789,0.857,0.632,0.737,0.667,0.524,0.727,0.857,0.85,0.556,0.714,0.889,0.875,0.81,0.632,0.905,0.8,0.905,0.857,0.65,0.727,0.762,0.867,0.7,0.762,0.737,0.65,0.789,0.857,0.524,0.737,0.65,0.667,0.762,0.714,0.81,0.7,0.611,0.667,0.65,0.857,0.632,0.667,0.684
Cluster_4097.mature::Porites_evermani_scaffold_257:110360-110382(-), , , , , , , , , , , , , , , , , , , , , , , , , , , , , , , , , , , , , , , , , , , , , , , , , ,0.455,0.667,0.765,0.789,0.611,0.714,0.8,0.706,0.8,0.706,0.619,0.65,0.65,0.545,0.65,0.611,0.611,0.611,0.75,0.7,0.65,0.8,0.444,0.8,0.706,0.778,0.722,0.682,0.8,0.636,0.682,0.944,0.65,0.684,0.667,0.524,0.833,0.944,0.667,0.769,0.667,0.813,0.556,0.765,0.81,0.7,0.706,0.55,0.722,0.833,0.706,0.75,0.682,0.588,0.591,0.65,0.8,0.682,0.588,0.75,0.7,0.579,0.7,0.765,0.4,0.75,0.667,0.7,0.75,0.65,0.773
Cluster_4617.mature::Porites_evermani_scaffold_316:88464-88486(-), , , , , , , , , , , , , , , , , , , , , , , , , , , , , , , , , , , , , , , , , , , , , , , , , , ,0.5,0.529,0.643,0.571,0.5,0.769,0.75,0.769,0.667,0.75,0.615,0.615,0.818,0.556,0.5,0.429,0.429,0.692,0.615,0.667,0.692,0.667,0.615,0.5,0.733,0.8,0.545,0.615,0.727,0.364,0.8,0.615,0.5,0.6,0.5,1,0.6,0.667,0.75,0.733,0.706,0.933,0.563,0.692,0.615,0.667,0.643,0.8,0.714,0.6,0.692,0.364,0.563,0.636,0.769,0.846,0.364,0.563,0.615,0.538,0.615,0.538,0.625,0.611,0.615,0.583,0.846,0.438,0.692,0.727
Cluster_4722.mature::Porites_evermani_scaffold_334:153604-153626(-), , , , , , , , , , , , , , , , , , , , , , , , , , , , , , , , , , , , , , , , , , , , , , , , , , , ,0.611,0.6,0.529,0.75,0.667,0.667,0.667,0.722,0.636,0.857,0.857,0.667,0.737,0.737,0.737,0.684,0.667,0.714,0.737,0.714,0.737,0.667,0.556,0.684,0.684,0.619,0.667,0.619,0.762,0.579,0.714,0.55,0.789,0.636,0.818,0.632,0.438,0.714,0.526,0.706,0.632,0.611,0.727,0.714,0.722,0.476,0.842,0.692,0.667,0.81,0.667,0.722,0.571,0.619,0.571,0.762,0.611,0.667,0.619,0.65,0.714,0.889,0.688,0.81,0.5,0.714,0.647,0.667,0.667
Cluster_5540.mature::Porites_evermani_scaffold_430:205886-205909(-), , , , , , , , , , , , , , , , , , , , , , , , , , , , , , , , , , , , , , , , , , , , , , , , , , , , ,0.65,0.385,0.438,0.684,0.636,0.684,0.571,0.611,0.684,0.684,0.706,0.667,0.7,0.7,0.7,0.632,0.632,0.667,0.737,0.667,0.632,0.636,0.619,0.619,0.588,0.684,0.765,0.647,0.667,0.789,0.75,0.476,0.722,1,0.619,0.571,0.474,0.619,0.818,0.571,0,0.632,0.737,0.571,0.65,0.619,0.667,0.619,0.684,0.529,0.636,0.471,0.632,0.579,0.647,0.636,0.474,0.632,0.684,0.684,0.727,0.667,0.737,0.556,0.579,0.524,0.632,0.706
Cluster_5636.mature::Porites_evermani_scaffold_442:239762-239784(-), , , , , , , , , , , , , , , , , , , , , , , , , , , , , , , , , , , , , , , , , , , , , , , , , , , , , ,0.8,0.833,0.619,0.75,0.619,0.75,0.85,0.714,0.714,0.737,0.824,0.81,0.81,0.762,0.81,0.952,0.471,0.667,0.905,0.905,0.6,0.857,0.857,0.684,0.857,0.684,0.579,0.714,0.476,0.636,0.762,0.85,0.667,0.905,0.722,0.813,0.714,0.842,0.762,0.65,0.762,0.619,0.75,0.591,0.524,0.867,0.8,0.619,0.526,0.6,0.684,0.81,0.619,0.579,0.7,0.762,0.81,0.762,0.762,0.9,0.611,0.857,0.75,0.857,0.579,0.714,0.737
Cluster_5849.mature::Porites_evermani_scaffold_461:215507-215529(+), , , , , , , , , , , , , , , , , , , , , , , , , , , , , , , , , , , , , , , , , , , , , , , , , , , , , , ,0.684,0.813,0.692,0.813,0.538,0.412,0.625,0.625,0.556,0.7,0.714,0.714,0.714,0.563,0.625,0.737,0.563,0.5,0.688,0.692,0.571,0.5,0.556,0.75,0.778,0.611,0.714,0.75,0.667,0.643,0.588,0.875,0.571,0.364,0.556,0.5,0.667,0.643,0.385,0.706,0.875,0.538,0.625,0.714,0.5,0.538,0.813,0.556,0.615,0.556,0.563,0.625,0.611,0.538,0.688,0.313,0.4,0.438,0.692,0.545,0.813,0.588,0.688,0.75,0.688,0.556
Cluster_6211.mature::Porites_evermani_scaffold_502:58996-59018(-), , , , , , , , , , , , , , , , , , , , , , , , , , , , , , , , , , , , , , , , , , , , , , , , , , , , , , , ,0.632,0.688,0.632,0.563,0.55,0.684,0.684,0.762,0.667,0.706,0.706,0.706,0.632,0.579,0.714,0.789,0.471,0.632,0.625,0.706,0.706,0.524,0.684,0.714,0.667,0.706,0.789,0.833,0.471,0.7,0.846,0.706,0.643,0.5,0.706,0.667,0.529,0.438,0.5,0.842,0.563,0.684,0.647,0.455,0.688,0.737,0.762,0.438,0.667,0.526,0.579,0.667,0.813,0.632,0.684,0.722,0.632,0.625,0.643,0.632,0.7,0.632,0.6,0.684,0.667
Cluster_6865.mature::Porites_evermani_scaffold_590:199157-199179(+), , , , , , , , , , , , , , , , , , , , , , , , , , , , , , , , , , , , , , , , , , , , , , , , , , , , , , , , ,0.526,0.045,0.789,0.571,0.818,0.818,0.65,0.611,0.9,0.9,0.85,0.727,0.818,0.778,0.682,0.7,0.818,0.684,0.85,0.8,0.7,0.864,0.45,0.8,0.7,0.591,0.667,0.75,0.857,0.9,0.85,0.824,0.8,0.65,0.778,0.6,0.684,0.727,0.773,0.789,0.636,0.65,0.857,0.947,0.727,0.85,0.684,0.65,0.636,0.727,0.8,0.789,0.636,0.682,0.714,0.727,0.684,0.529,0.773,0.667,0.818,0.778,0.773,0.7
Cluster_6866.mature::Porites_evermani_scaffold_590:199391-199413(+), , , , , , , , , , , , , , , , , , , , , , , , , , , , , , , , , , , , , , , , , , , , , , , , , , , , , , , , , ,0.579,0.81,0.833,0.737,0.737,0.412,0.867,0.8,0.85,0.85,0.526,0.632,0.8,0.789,0.714,0.737,0.727,0.714,0.619,0.529,0.632,0.824,0.765,0.667,0.632,0.75,0.524,0.722,0.857,0.81,0.7,0.722,0.762,0.905,0.571,0.636,0.526,0.579,0.81,0.65,0.714,0.765,0.714,0.789,0.824,0.818,0.588,0.684,0.684,0.765,0.773,0.684,0.789,0.789,0.684,0.727,0.55,0.737,0.556,0.789,0.762,0.684,0.765
Cluster_6867.mature::Porites_evermani_scaffold_590:199854-199876(+), , , , , , , , , , , , , , , , , , , , , , , , , , , , , , , , , , , , , , , , , , , , , , , , , , , , , , , , , , ,0.789,0.571,0.773,0.773,0.65,0.611,0.85,0.85,0.8,0.727,0.864,0.778,0.636,0.65,0.818,0.684,0.85,0.8,0.7,0.909,0.45,0.8,0.7,0.591,0.667,0.8,0.857,0.9,0.85,0.824,0.8,0.65,0.778,0.65,0.684,0.727,0.773,0.789,0.636,0.7,0.857,0.895,0.727,0.85,0.684,0.65,0.682,0.727,0.8,0.789,0.636,0.682,0.714,0.727,0.684,0.529,0.773,0.667,0.818,0.778,0.773,0.7
Cluster_6875.mature::Porites_evermani_scaffold_594:158229-158250(+), , , , , , , , , , , , , , , , , , , , , , , , , , , , , , , , , , , , , , , , , , , , , , , , , , , , , , , , , , , ,0.5,0.789,0.789,0.765,0.6,0.85,0.8,0.8,0.737,0.684,0.867,0.842,0.667,0.895,0.857,0.714,0.714,0.471,0.737,0.882,0.588,0.667,0.684,0.65,0.714,0.778,0.714,0.619,0.684,0.647,0.714,0.7,0.81,0.571,0.737,0.632,0,0.9,0.619,0.75,0.857,0.579,0.647,0.667,0.706,0.737,0.632,0.588,0.619,0.474,0.684,0.789,0.684,0.714,0.579,0.526,0.611,0.579,0.7,0.789,0.706
Cluster_7013.mature::Porites_evermani_scaffold_613:156504-156526(+), , , , , , , , , , , , , , , , , , , , , , , , , , , , , , , , , , , , , , , , , , , , , , , , , , , , , , , , , , , , ,0.524,0.524,0.524,0.474,0.684,0.684,0.737,0.571,0.619,0.632,0.571,0.421,0.714,0.611,0.579,0.526,0.571,0.714,0.571,0.571,0.632,0.762,0.7,0.632,0.727,0.909,0.579,0.625,0.571,0.526,0.706,0.579,0.611,0.682,0.714,0.5,0.619,0.632,0.538,0.611,0.81,0.667,0.611,0.524,0.429,0.714,0.571,0.611,0.524,0.381,0.5,0.476,0.556,0.625,0.667,0.636,0.619,0.824,0.714,0.667
Cluster_7604.mature::Porites_evermani_scaffold_730:81384-81406(-), , , , , , , , , , , , , , , , , , , , , , , , , , , , , , , , , , , , , , , , , , , , , , , , , , , , , , , , , , , , , ,0,0.7,0.722,0.6,0.6,0.6,0.727,0.591,0.722,0.5,0.55,0.727,0.632,0.7,0.65,0.75,0.545,0.75,0.55,0.85,0.636,0.762,0.45,0.524,0.8,0.65,0.824,0.8,0.75,0.778,0.7,0.684,0.636,0.773,0.789,0.545,0.5,0.643,0.579,0.682,0.65,0.632,0.6,0.636,0.818,0.55,0.737,0.682,0.636,0.714,0.636,0.737,0.588,0.545,0.905,0.727,0.722,0.682,0.8
Cluster_7605.mature::Porites_evermani_scaffold_730:82422-82444(-), , , , , , , , , , , , , , , , , , , , , , , , , , , , , , , , , , , , , , , , , , , , , , , , , , , , , , , , , , , , , , ,0.7,0.722,0.6,0.6,0.6,0.727,0.591,0.722,0.5,0.55,0.727,0.632,0.7,0.65,0.75,0.545,0.75,0.55,0.85,0.636,0.762,0.45,0.524,0.8,0.65,0.824,0.8,0.75,0.778,0.7,0.684,0.636,0.773,0.789,0.545,0.5,0.643,0.579,0.682,0.65,0.632,0.6,0.636,0.818,0.55,0.737,0.682,0.636,0.714,0.636,0.737,0.588,0.545,0.905,0.727,0.722,0.682,0.8
Cluster_7804.mature::Porites_evermani_scaffold_768:138024-138046(+), , , , , , , , , , , , , , , , , , , , , , , , , , , , , , , , , , , , , , , , , , , , , , , , , , , , , , , , , , , , , , , ,0.65,0.778,0.778,0.778,0.7,0.7,0.65,0.65,0.611,0.75,0.647,0.778,0.722,0.591,0.75,0.545,0.727,0.667,0.65,0.737,0.667,0.667,0.833,0.889,0.6,0.692,0.667,0.813,0.556,0.706,0.667,0.65,0.765,0.65,0.611,0.833,0.706,0.9,0.727,0.706,0.5,0.65,0.7,0.727,0.588,0.7,0.65,0.684,0.75,0.765,0.667,0.85,0.714,0.65,0.813,0.45,0.636
Cluster_8571.mature::Porites_evermani_scaffold_866:22853-22875(-), , , , , , , , , , , , , , , , , , , , , , , , , , , , , , , , , , , , , , , , , , , , , , , , , , , , , , , , , , , , , , , , ,0.563,0.563,0.5,0.722,0.667,0.81,0.722,0.563,0.611,0.533,0.75,0.813,0.7,0.722,0.65,0.5,0.688,0.722,0.647,0.75,0.737,0.714,0.813,0.692,0.364,0.563,0.643,0.938,0.667,0.684,0.667,0.6,0.611,0.75,0.7,0.667,0.722,0.7,0.533,0.7,0.778,0.722,0.5,0.6,0.611,0.611,0.706,0.667,0.533,0.692,0.667,0.789,0.722,0.714,0.833,0.7
Cluster_8824.mature::Porites_evermani_scaffold_910:99254-99275(+), , , , , , , , , , , , , , , , , , , , , , , , , , , , , , , , , , , , , , , , , , , , , , , , , , , , , , , , , , , , , , , , , ,0.048,0.095,0.8,0.7,0.625,0.7,0.524,0.65,0.65,0.81,0.81,0.889,0.7,0.722,0.667,0.905,0.75,0.81,0.619,0.789,0.625,0.762,0.667,0.688,0.667,0.579,0.762,0.7,0.95,0.7,0.85,0.667,0.714,0.533,0.1,0.95,0.556,0.55,0.778,0.75,0.6,0.667,0.6,0.65,0.8,0.8,0.75,0.6,0.778,0.75,0.895,0.8,0.737,0.7,0.833
Cluster_8827.mature::Porites_evermani_scaffold_910:118741-118762(+), , , , , , , , , , , , , , , , , , , , , , , , , , , , , , , , , , , , , , , , , , , , , , , , , , , , , , , , , , , , , , , , , , ,0.048,0.8,0.7,0.625,0.7,0.571,0.65,0.7,0.81,0.81,0.889,0.7,0.722,0.667,0.857,0.75,0.762,0.571,0.789,0.625,0.714,0.722,0.75,0.714,0.526,0.81,0.7,0.95,0.7,0.8,0.667,0.762,0.6,0.15,0.95,0.556,0.55,0.778,0.75,0.6,0.667,0.55,0.65,0.8,0.8,0.75,0.65,0.722,0.75,0.895,0.8,0.789,0.7,0.833
Cluster_8828.mature::Porites_evermani_scaffold_910:139352-139373(+), , , , , , , , , , , , , , , , , , , , , , , , , , , , , , , , , , , , , , , , , , , , , , , , , , , , , , , , , , , , , , , , , , , ,0.8,0.7,0.625,0.7,0.571,0.65,0.7,0.857,0.857,0.889,0.7,0.722,0.667,0.857,0.7,0.762,0.571,0.789,0.75,0.762,0.722,0.75,0.667,0.526,0.81,0.7,0.95,0.75,0.8,0.619,0.762,0.6,0.15,0.9,0.611,0.55,0.778,0.8,0.55,0.667,0.55,0.7,0.8,0.8,0.75,0.65,0.722,0.75,0.947,0.8,0.789,0.7,0.833
Cluster_8920.mature::Porites_evermani_scaffold_942:133697-133719(+), , , , , , , , , , , , , , , , , , , , , , , , , , , , , , , , , , , , , , , , , , , , , , , , , , , , , , , , , , , , , , , , , , , , ,0.682,0.556,0.636,0.7,0.682,0.684,0.65,0.65,0.6,0.682,0.65,0.65,0.5,0.727,0.667,0.65,0.762,0.9,0.65,0.529,0.533,0.6,0.667,0.5,0.632,0.727,0.818,0.737,0.545,0.8,0.5,0.737,0.818,0.7,0.789,0.65,0.5,0.591,0.65,0.579,0.591,0.5,0.571,0.591,0.737,0.588,0.682,0.476,0.636,0.722,0.727,0.6
Cluster_9077.mature::Porites_evermani_scaffold_984:51882-51904(-), , , , , , , , , , , , , , , , , , , , , , , , , , , , , , , , , , , , , , , , , , , , , , , , , , , , , , , , , , , , , , , , , , , , , ,0.833,0.727,0.55,0.636,0.895,0.65,0.75,0.7,0.227,0.75,0.55,0.7,0.818,0.905,0.6,0.619,0.9,0.75,0.765,0.733,0.85,0.778,0.75,0.632,0.636,0.682,0.684,0.5,0.7,0.714,0.632,0.864,0.8,0.737,0.5,0.591,0.591,0.55,0.789,0.591,0.636,0.714,0.682,0.842,0.647,0.682,0.81,0.727,0.722,0.727,0.75
Cluster_9915.mature::Porites_evermani_scaffold_1128:125547-125568(-), , , , , , , , , , , , , , , , , , , , , , , , , , , , , , , , , , , , , , , , , , , , , , , , , , , , , , , , , , , , , , , , , , , , , , ,0.611,0.813,0.778,0.533,0.75,0.75,0.65,0.889,0.6,0.65,0.688,0.556,0.706,0.625,0.684,0.846,0.75,0.692,0.636,0.75,0.643,0.563,0.667,0.842,0.778,0.867,0.611,0.563,0.6,0.533,0.833,0.65,0.467,0.7,0.667,0.667,0.65,0.8,0.722,0.667,0.588,0.611,0.667,0.462,0.833,0.737,0.778,0.714,0.611,0.7
Cluster_9991.mature::Porites_evermani_scaffold_1159:6701-6723(+), , , , , , , , , , , , , , , , , , , , , , , , , , , , , , , , , , , , , , , , , , , , , , , , , , , , , , , , , , , , , , , , , , , , , , , ,0.7,0.682,0.526,0.55,0.55,0.75,0.682,0.6,0.6,0.45,0.682,0.714,0.7,0.619,1,0.5,0.706,0.8,0.8,0.611,0.7,0.737,0.727,0.864,0.842,0.727,0.65,0.786,0.684,0.818,0.7,0.789,0.65,0.682,0.682,0.6,0.632,0.818,0.591,0.667,0.636,0.737,0.647,0.682,0.667,0.773,0.611,0.5,0.55
Cluster_9992.mature::Porites_evermani_scaffold_1159:7427-7449(+), , , , , , , , , , , , , , , , , , , , , , , , , , , , , , , , , , , , , , , , , , , , , , , , , , , , , , , , , , , , , , , , , , , , , , , , ,0.6,0.762,0.727,0.773,0.556,0.65,0.667,0.611,0.818,0.75,0.905,0.682,0.737,0.75,0.727,0.684,0.647,0.591,0.75,0.591,0.667,0.75,0.9,0.667,0.524,0.636,0.563,0.524,0.8,0.833,0.667,0.5,0.6,0.65,0.611,0.762,0.65,0.55,0.5,0.6,0.667,0.684,0.65,0.684,0.7,0.75,0.7,0.722
Cluster_10850.mature::Porites_evermani_scaffold_1415:72070-72092(+), , , , , , , , , , , , , , , , , , , , , , , , , , , , , , , , , , , , , , , , , , , , , , , , , , , , , , , , , , , , , , , , , , , , , , , , , ,0.579,0.6,0.7,0.7,0.591,0.7,0.7,0.65,0.909,0.762,0.65,0.714,1,0.6,0.529,0.6,0.8,0.611,0.8,0.632,0.636,0.727,0.895,0.818,0.75,0.5,0.632,0.773,0.75,0.579,0.65,0.727,0.636,0.7,0.737,0.773,0.545,0.571,0.636,0.737,0.706,0.636,0.667,0.636,0.667,0.818,0.65
Cluster_10882.mature::Porites_evermani_scaffold_1429:47284-47306(-), , , , , , , , , , , , , , , , , , , , , , , , , , , , , , , , , , , , , , , , , , , , , , , , , , , , , , , , , , , , , , , , , , , , , , , , , , ,0.524,0.571,0.706,0.737,0.529,0.529,0.619,0.684,0.5,0.571,0.778,0.714,0.714,0.5,0.611,0.714,0.714,0.667,0.636,0.632,0.632,0.857,0.7,0.714,0.588,0.619,0.526,0.471,0.545,0.529,0.632,0.789,0.529,0.636,0.737,0.579,0.632,0.684,0.545,0.65,0.632,0.667,0.684,0.524,0.632,0.647
Cluster_11045.mature::Porites_evermani_scaffold_1503:47579-47601(+), , , , , , , , , , , , , , , , , , , , , , , , , , , , , , , , , , , , , , , , , , , , , , , , , , , , , , , , , , , , , , , , , , , , , , , , , , , ,0.136,0.667,0.7,0.667,0.556,0.682,0.75,0.714,0.727,0.579,0.75,0.364,0.632,0.824,0.818,0.65,0.727,0.619,0.65,0.6,0.714,0.762,0.773,0.813,0.762,0.6,0.722,0.714,0.5,0.5,0.7,0.556,0.762,0.75,0.7,0.8,0.75,0.762,0.684,0.65,0.526,0.7,0.6,0.65,0.833
Cluster_11046.mature::Porites_evermani_scaffold_1503:47770-47792(+), , , , , , , , , , , , , , , , , , , , , , , , , , , , , , , , , , , , , , , , , , , , , , , , , , , , , , , , , , , , , , , , , , , , , , , , , , , , ,0.611,0.7,0.722,0.556,0.682,0.8,0.714,0.591,0.684,0.75,0.409,0.737,0.706,0.727,0.75,0.591,0.619,0.65,0.6,0.714,0.857,0.773,0.688,0.762,0.65,0.722,0.714,0.611,0.65,0.7,0.556,0.714,0.8,0.7,0.8,0.65,0.714,0.632,0.65,0.579,0.6,0.7,0.7,0.833
Cluster_11890.mature::Porites_evermani_scaffold_1732:76503-76525(+), , , , , , , , , , , , , , , , , , , , , , , , , , , , , , , , , , , , , , , , , , , , , , , , , , , , , , , , , , , , , , , , , , , , , , , , , , , , , ,0.7,0.682,0.591,0.722,0.7,0.789,0.611,0.667,0.75,0.667,0.733,0.615,0.778,0.813,0.556,0.588,0.619,0.65,0.471,0.65,0.722,0.583,0.824,0.6,0.773,0.647,0.773,0.6,0.75,0.591,0.706,0.75,0.75,0.737,0.65,0.647,0.667,0.6,0.571,0.7,0.5,0.75,0.727
Cluster_14130.mature::Porites_evermani_scaffold_2595:68590-68612(-), , , , , , , , , , , , , , , , , , , , , , , , , , , , , , , , , , , , , , , , , , , , , , , , , , , , , , , , , , , , , , , , , , , , , , , , , , , , , , ,0.7,0.6,0.6,0.818,0.81,0.5,0.762,0.8,0.75,0.765,0.733,0.85,0.778,0.75,0.684,0.682,0.727,0.737,0.636,0.75,0.571,0.632,0.864,0.8,0.684,0.65,0.773,0.591,0.6,0.895,0.682,0.727,0.762,0.773,0.842,0.824,0.636,0.81,0.773,0.722,0.818,0.75
Cluster_14362.mature::Porites_evermani_scaffold_2738:56884-56906(+), , , , , , , , , , , , , , , , , , , , , , , , , , , , , , , , , , , , , , , , , , , , , , , , , , , , , , , , , , , , , , , , , , , , , , , , , , , , , , , ,0.682,0.722,0.55,0.632,0.778,0.714,0.75,0.667,0.733,0.846,0.778,0.688,0.5,0.765,0.762,0.75,0.882,0.65,0.778,0.833,0.765,0.75,0.636,0.647,0.591,0.6,0.6,0.682,0.765,0.75,0.8,0.789,0.95,0.706,0.667,0.7,0.667,0.75,0.625,0.55,0.636
Cluster_14865.mature::Porites_evermani_scaffold_3072:29479-29501(+), , , , , , , , , , , , , , , , , , , , , , , , , , , , , , , , , , , , , , , , , , , , , , , , , , , , , , , , , , , , , , , , , , , , , , , , , , , , , , , , ,0.667,0.7,0.579,0.556,0.619,0.833,0.667,0.667,0.538,0.722,0.688,0.833,0.647,0.667,0.65,0.588,0.7,0.667,0.583,0.647,0.55,0.682,0.647,0.727,0.75,0.7,0,0.706,0.8,0.7,0.789,0.65,0.647,0.533,0.5,0.762,0.7,0.563,0.85,0.682
Cluster_15601.mature::Porites_evermani_scaffold_3707:36123-36145(-), , , , , , , , , , , , , , , , , , , , , , , , , , , , , , , , , , , , , , , , , , , , , , , , , , , , , , , , , , , , , , , , , , , , , , , , , , , , , , , , , ,0.75,0.571,0.636,0.789,0.875,0.636,0.579,0.588,0.773,0.65,0.727,0.667,0.65,0.65,0.667,0.762,0.864,0.75,0.81,0.75,0.722,0.857,0.611,0.75,0.6,0.667,0.714,0.75,0.55,0.6,0.55,0.762,0.737,0.75,0.526,0.7,0.7,0.7,0.444
Cluster_15760.mature::Porites_evermani_scaffold_3893:3848-3870(-), , , , , , , , , , , , , , , , , , , , , , , , , , , , , , , , , , , , , , , , , , , , , , , , , , , , , , , , , , , , , , , , , , , , , , , , , , , , , , , , , , ,0.667,0.75,0.667,0.7,0.75,0.882,0.8,0.8,0.833,0.75,0.789,0.864,0.591,0.684,0.545,0.8,0.929,0.842,0.545,0.7,0.684,0.6,0.818,0.773,0.7,0.789,0.682,0.773,0.762,0.773,0.789,0.588,0.727,0.667,0.818,0.611,0.545,0.65
Cluster_16267.mature::Porites_evermani_scaffold_4805:3257-3279(-), , , , , , , , , , , , , , , , , , , , , , , , , , , , , , , , , , , , , , , , , , , , , , , , , , , , , , , , , , , , , , , , , , , , , , , , , , , , , , , , , , , ,0.762,0.7,0.556,0.667,0.333,0.688,0.81,0.737,0.762,0.75,0.667,0.667,0.65,0.818,0.762,0.867,0.9,0.667,0.632,0.55,0.789,0.857,0.762,0.579,0.75,0.619,0.667,0.714,0.714,0.7,0.5,0.762,0.65,0.762,0.526,0.762,0.526
Cluster_16348.mature::Porites_evermani_scaffold_5010:12391-12413(+), , , , , , , , , , , , , , , , , , , , , , , , , , , , , , , , , , , , , , , , , , , , , , , , , , , , , , , , , , , , , , , , , , , , , , , , , , , , , , , , , , , , ,0.789,1,0.727,0.684,0.529,0.727,0.75,0.5,0.476,0.7,0.7,0.714,0.667,0.636,0.563,0.524,0.7,0.611,0.667,0.556,0.65,0.7,0.556,0.714,0.65,0.75,0.75,0.65,0.762,0.526,0.6,0.842,0.55,0.75,0.7,0.667
Cluster_21.mature::Pocillopora_meandrina_HIv1_Sc0000000:818048-818070(+), , , , , , , , , , , , , , , , , , , , , , , , , , , , , , , , , , , , , , , , , , , , , , , , , , , , , , , , , , , , , , , , , , , , , , , , , , , , , , , , , , , , , ,0.818,0.632,0.625,0.714,0.737,0.765,0.737,0.722,0.591,0.714,0.778,0.667,0.737,0.769,0.833,0.81,0.714,0.667,0.667,0.619,0.905,0.619,0.611,0.714,0.714,0.8,0.667,0.833,0.563,0.762,0.636,0.762,0.647,0.714,0.667
Cluster_37.mature::Pocillopora_meandrina_HIv1_Sc0000000:2872040-2872061(+), , , , , , , , , , , , , , , , , , , , , , , , , , , , , , , , , , , , , , , , , , , , , , , , , , , , , , , , , , , , , , , , , , , , , , , , , , , , , , , , , , , , , , ,0.75,1,1,0.875,1,0.875,1,0.636,0.7,0.714,0.8,0.875,1,0.857,0.6,0.75,0.571,0.833,0.7,0.9,0.833,0.857,0.6,0.9,0.889,0.9,0.857,1,0.8,0.818,1,0.5,0.8,0.833
Cluster_361.mature::Pocillopora_meandrina_HIv1_Sc0000000:20372468-20372490(-), , , , , , , , , , , , , , , , , , , , , , , , , , , , , , , , , , , , , , , , , , , , , , , , , , , , , , , , , , , , , , , , , , , , , , , , , , , , , , , , , , , , , , , ,0.737,0.824,0.727,0.55,0.818,0.619,0.65,0.8,0.619,0.81,0.818,0.563,0.762,0.55,0.722,0.905,0.722,0.6,0.75,0.667,0.762,0.7,0.65,0.75,0.7,0.619,0.737,0.55,0.579,0.65,0.6,0.75,0.778
Cluster_759.mature::Pocillopora_meandrina_HIv1_Sc0000001:19145787-19145809(+), , , , , , , , , , , , , , , , , , , , , , , , , , , , , , , , , , , , , , , , , , , , , , , , , , , , , , , , , , , , , , , , , , , , , , , , , , , , , , , , , , , , , , , , ,0.5,0.684,0.571,0.526,0.55,0.706,0.824,0.684,0.722,0.579,0.684,0.632,0.824,0.4,0.55,0.6,0.588,0.588,0.667,0.7,0.647,0.529,0.588,0.647,0.75,0.591,0.882,0.5,0.706,0.5,0.647,0.4
Cluster_918.mature::Pocillopora_meandrina_HIv1_Sc0000002:3841965-3841987(-), , , , , , , , , , , , , , , , , , , , , , , , , , , , , , , , , , , , , , , , , , , , , , , , , , , , , , , , , , , , , , , , , , , , , , , , , , , , , , , , , , , , , , , , , ,0.529,0.684,0.471,0.444,0.733,0.733,0.647,0.688,0.647,0.571,0.647,0.733,0.615,0.556,0.538,0.8,0.733,0.538,0.556,0.533,0.533,0.6,0.467,0.778,0.7,0.867,0.571,0.533,0.556,0.733,0.615
Cluster_1011.mature::Pocillopora_meandrina_HIv1_Sc0000002:10845743-10845765(-), , , , , , , , , , , , , , , , , , , , , , , , , , , , , , , , , , , , , , , , , , , , , , , , , , , , , , , , , , , , , , , , , , , , , , , , , , , , , , , , , , , , , , , , , , ,0.75,0.591,0.619,0.75,0.85,0.714,0.571,0.636,0.438,0.667,0.75,0.667,0.81,0.667,0.75,0.65,0.722,0.524,0.65,0.65,0.7,0.6,0.667,0.842,0.85,0.842,0.5,0.85,0.85,0.722
Cluster_1066.mature::Pocillopora_meandrina_HIv1_Sc0000002:15749309-15749331(+), , , , , , , , , , , , , , , , , , , , , , , , , , , , , , , , , , , , , , , , , , , , , , , , , , , , , , , , , , , , , , , , , , , , , , , , , , , , , , , , , , , , , , , , , , , ,0.8,0.81,0.833,0.944,0.7,0.737,0.6,0.722,0.6,0.778,0.688,0.714,0.75,0.667,0.556,0.688,0.667,0.889,0.778,0.722,0.778,0.81,0.714,0.667,0.824,0.778,0.762,0.778,0.688
Cluster_1078.mature::Pocillopora_meandrina_HIv1_Sc0000002:16106608-16106630(+), , , , , , , , , , , , , , , , , , , , , , , , , , , , , , , , , , , , , , , , , , , , , , , , , , , , , , , , , , , , , , , , , , , , , , , , , , , , , , , , , , , , , , , , , , , , ,0.571,0.75,0.8,0.81,0.619,0.591,0.625,0.714,0.8,0.667,0.619,0.556,0.5,0.7,0.833,0.714,0.75,0.8,0.75,0.8,0.762,0.632,0.75,0.684,0.55,0.7,0.5,0.722
Cluster_1116.mature::Pocillopora_meandrina_HIv1_Sc0000003:495116-495138(+), , , , , , , , , , , , , , , , , , , , , , , , , , , , , , , , , , , , , , , , , , , , , , , , , , , , , , , , , , , , , , , , , , , , , , , , , , , , , , , , , , , , , , , , , , , , , ,0.632,0.737,0.571,0.65,0.619,0.647,0.619,0.684,0.529,0.636,0.471,0.632,0.579,0.647,0.636,0.474,0.632,0.684,0.684,0.727,0.65,0.737,0.556,0.579,0.524,0.632,0.706
Cluster_1286.mature::Pocillopora_meandrina_HIv1_Sc0000003:10129533-10129556(-), , , , , , , , , , , , , , , , , , , , , , , , , , , , , , , , , , , , , , , , , , , , , , , , , , , , , , , , , , , , , , , , , , , , , , , , , , , , , , , , , , , , , , , , , , , , , , ,0.727,0.737,0.773,0.75,0.786,0.895,0.773,0.81,0.632,0.619,0.591,0.818,0.667,0.737,0.636,0.682,0.762,0.591,0.684,0.588,0.682,0.727,0.773,0.778,0.818,0.762
Cluster_1292.mature::Pocillopora_meandrina_HIv1_Sc0000003:10366054-10366076(+), , , , , , , , , , , , , , , , , , , , , , , , , , , , , , , , , , , , , , , , , , , , , , , , , , , , , , , , , , , , , , , , , , , , , , , , , , , , , , , , , , , , , , , , , , , , , , , ,0.632,0.727,0.8,0.857,0.789,0.636,0.6,0.684,0.65,0.773,0.864,0.65,0.579,0.727,0.818,0.905,0.727,0.842,0.588,0.727,0.714,0.591,0.722,0.682,0.8
Cluster_1794.mature::Pocillopora_meandrina_HIv1_Sc0000005:601625-601646(+), , , , , , , , , , , , , , , , , , , , , , , , , , , , , , , , , , , , , , , , , , , , , , , , , , , , , , , , , , , , , , , , , , , , , , , , , , , , , , , , , , , , , , , , , , , , , , , , ,0.9,0.619,0.75,0.857,0.579,0.647,0.667,0.706,0.737,0.632,0.588,0.619,0.474,0.684,0.789,0.684,0.714,0.579,0.526,0.611,0.579,0.7,0.789,0.706
Cluster_1933.mature::Pocillopora_meandrina_HIv1_Sc0000005:10385518-10385541(+), , , , , , , , , , , , , , , , , , , , , , , , , , , , , , , , , , , , , , , , , , , , , , , , , , , , , , , , , , , , , , , , , , , , , , , , , , , , , , , , , , , , , , , , , , , , , , , , , ,0.714,0.667,0.6,0.727,0.8,0.75,0.4,0.5,0.636,0.7,0.7,0.591,0.636,0.571,0.636,0.85,0.556,0.682,0.714,0.773,0.737,0.591,0.75
Cluster_1951.mature::Pocillopora_meandrina_HIv1_Sc0000005:11260781-11260803(+), , , , , , , , , , , , , , , , , , , , , , , , , , , , , , , , , , , , , , , , , , , , , , , , , , , , , , , , , , , , , , , , , , , , , , , , , , , , , , , , , , , , , , , , , , , , , , , , , , ,0.75,0.714,0.8,0.667,0.619,0.667,0.75,0.7,0.667,0.619,0.65,0.75,0.8,0.7,0.857,0.632,0.75,0.789,0.65,0.6,0.7,0.778
Cluster_1952.mature::Pocillopora_meandrina_HIv1_Sc0000005:11261377-11261399(+), , , , , , , , , , , , , , , , , , , , , , , , , , , , , , , , , , , , , , , , , , , , , , , , , , , , , , , , , , , , , , , , , , , , , , , , , , , , , , , , , , , , , , , , , , , , , , , , , , , ,0.5,0.643,0.75,0.647,0.833,0.643,0.571,0.583,0.706,0.714,0.571,0.643,0.429,0.529,0.789,0.643,0.846,0.571,0.765,0.929,0.667
Cluster_2788.mature::Pocillopora_meandrina_HIv1_Sc0000008:1783823-1783844(+), , , , , , , , , , , , , , , , , , , , , , , , , , , , , , , , , , , , , , , , , , , , , , , , , , , , , , , , , , , , , , , , , , , , , , , , , , , , , , , , , , , , , , , , , , , , , , , , , , , , ,0.947,0.588,0.667,0.647,0.684,0.579,0.647,0.667,0.684,0.684,0.684,0.632,0.571,0.842,0.737,0.889,0.789,0.8,0.684,0.824
Cluster_2831.mature::Pocillopora_meandrina_HIv1_Sc0000008:3576441-3576463(+), , , , , , , , , , , , , , , , , , , , , , , , , , , , , , , , , , , , , , , , , , , , , , , , , , , , , , , , , , , , , , , , , , , , , , , , , , , , , , , , , , , , , , , , , , , , , , , , , , , , , ,0.65,0.842,0.8,0.773,0.818,0.55,0.789,0.818,0.773,0.762,0.773,0.579,0.765,0.5,0.81,0.682,0.444,0.818,0.8
Cluster_2833.mature::Pocillopora_meandrina_HIv1_Sc0000008:3619362-3619384(-), , , , , , , , , , , , , , , , , , , , , , , , , , , , , , , , , , , , , , , , , , , , , , , , , , , , , , , , , , , , , , , , , , , , , , , , , , , , , , , , , , , , , , , , , , , , , , , , , , , , , , ,0.529,0.727,0.65,0.6,0.682,0.471,0.6,0.6,0.684,0.7,0.706,0.667,0.75,0.762,0.7,0.5,0.6,0.636
Cluster_2853.mature::Pocillopora_meandrina_HIv1_Sc0000008:5387759-5387781(-), , , , , , , , , , , , , , , , , , , , , , , , , , , , , , , , , , , , , , , , , , , , , , , , , , , , , , , , , , , , , , , , , , , , , , , , , , , , , , , , , , , , , , , , , , , , , , , , , , , , , , , ,0.706,0.737,0.579,0.647,0.773,0.579,0.737,0.789,0.737,0.727,0.55,0.789,0.722,0.737,0.571,0.684,0.647
Cluster_2971.mature::Pocillopora_meandrina_HIv1_Sc0000009:3894921-3894943(-), , , , , , , , , , , , , , , , , , , , , , , , , , , , , , , , , , , , , , , , , , , , , , , , , , , , , , , , , , , , , , , , , , , , , , , , , , , , , , , , , , , , , , , , , , , , , , , , , , , , , , , , ,0.45,0.65,0.727,0.529,0.45,0.55,0.579,0.65,0.882,0.467,0.8,0.667,0.6,0.813,0.5,0.773
Cluster_3389.mature::Pocillopora_meandrina_HIv1_Sc0000010:8012937-8012959(+), , , , , , , , , , , , , , , , , , , , , , , , , , , , , , , , , , , , , , , , , , , , , , , , , , , , , , , , , , , , , , , , , , , , , , , , , , , , , , , , , , , , , , , , , , , , , , , , , , , , , , , , , ,0.682,0.75,0.737,0.636,0.591,0.667,0.727,0.842,0.588,0.727,0.619,0.818,0.722,0.636,0.75
Cluster_3663.mature::Pocillopora_meandrina_HIv1_Sc0000012:6455204-6455226(+), , , , , , , , , , , , , , , , , , , , , , , , , , , , , , , , , , , , , , , , , , , , , , , , , , , , , , , , , , , , , , , , , , , , , , , , , , , , , , , , , , , , , , , , , , , , , , , , , , , , , , , , , , ,0.7,0.737,0.636,0.727,0.714,0.773,0.842,0.706,0.727,0.762,0.682,0.667,0.591,0.55
Cluster_4049.mature::Pocillopora_meandrina_HIv1_Sc0000014:2366059-2366081(-), , , , , , , , , , , , , , , , , , , , , , , , , , , , , , , , , , , , , , , , , , , , , , , , , , , , , , , , , , , , , , , , , , , , , , , , , , , , , , , , , , , , , , , , , , , , , , , , , , , , , , , , , , , ,0.706,0.8,0.7,0.789,0.65,0.647,0.533,0.5,0.762,0.7,0.563,0.85,0.682
Cluster_4050.mature::Pocillopora_meandrina_HIv1_Sc0000014:2594791-2594813(+), , , , , , , , , , , , , , , , , , , , , , , , , , , , , , , , , , , , , , , , , , , , , , , , , , , , , , , , , , , , , , , , , , , , , , , , , , , , , , , , , , , , , , , , , , , , , , , , , , , , , , , , , , , , ,0.474,0.526,0.632,0.579,0.773,0.65,0.895,0.611,0.632,0.762,0.684,0.882
Cluster_4130.mature::Pocillopora_meandrina_HIv1_Sc0000014:9365480-9365502(-), , , , , , , , , , , , , , , , , , , , , , , , , , , , , , , , , , , , , , , , , , , , , , , , , , , , , , , , , , , , , , , , , , , , , , , , , , , , , , , , , , , , , , , , , , , , , , , , , , , , , , , , , , , , , ,0.545,0.667,0.682,0.737,0.588,0.773,0.571,0.682,0.778,0.682,0.7
Cluster_4455.mature::Pocillopora_meandrina_HIv1_Sc0000016:7549578-7549600(+), , , , , , , , , , , , , , , , , , , , , , , , , , , , , , , , , , , , , , , , , , , , , , , , , , , , , , , , , , , , , , , , , , , , , , , , , , , , , , , , , , , , , , , , , , , , , , , , , , , , , , , , , , , , , , ,0.095,0.182,0.684,0.529,0.773,0.571,0.773,0.722,0.727,0.6
Cluster_4457.mature::Pocillopora_meandrina_HIv1_Sc0000016:7550614-7550635(+), , , , , , , , , , , , , , , , , , , , , , , , , , , , , , , , , , , , , , , , , , , , , , , , , , , , , , , , , , , , , , , , , , , , , , , , , , , , , , , , , , , , , , , , , , , , , , , , , , , , , , , , , , , , , , , ,0.238,0.684,0.529,0.81,0.6,0.857,0.778,0.762,0.684
Cluster_4458.mature::Pocillopora_meandrina_HIv1_Sc0000016:7553303-7553325(+), , , , , , , , , , , , , , , , , , , , , , , , , , , , , , , , , , , , , , , , , , , , , , , , , , , , , , , , , , , , , , , , , , , , , , , , , , , , , , , , , , , , , , , , , , , , , , , , , , , , , , , , , , , , , , , , ,0.632,0.471,0.773,0.714,0.727,0.778,0.818,0.65
Cluster_4459.mature::Pocillopora_meandrina_HIv1_Sc0000016:7555691-7555713(+), , , , , , , , , , , , , , , , , , , , , , , , , , , , , , , , , , , , , , , , , , , , , , , , , , , , , , , , , , , , , , , , , , , , , , , , , , , , , , , , , , , , , , , , , , , , , , , , , , , , , , , , , , , , , , , , , ,0.8,0.579,0.833,0.737,0.714,0.842,0.706
Cluster_4586.mature::Pocillopora_meandrina_HIv1_Sc0000017:5050958-5050980(-), , , , , , , , , , , , , , , , , , , , , , , , , , , , , , , , , , , , , , , , , , , , , , , , , , , , , , , , , , , , , , , , , , , , , , , , , , , , , , , , , , , , , , , , , , , , , , , , , , , , , , , , , , , , , , , , , , ,0.647,0.5,0.706,0.75,0.706,0.6
Cluster_4768.mature::Pocillopora_meandrina_HIv1_Sc0000018:4564905-4564927(+), , , , , , , , , , , , , , , , , , , , , , , , , , , , , , , , , , , , , , , , , , , , , , , , , , , , , , , , , , , , , , , , , , , , , , , , , , , , , , , , , , , , , , , , , , , , , , , , , , , , , , , , , , , , , , , , , , , ,0.81,0.636,0.667,0.773,0.7
Cluster_4838.mature::Pocillopora_meandrina_HIv1_Sc0000018:6855520-6855542(+), , , , , , , , , , , , , , , , , , , , , , , , , , , , , , , , , , , , , , , , , , , , , , , , , , , , , , , , , , , , , , , , , , , , , , , , , , , , , , , , , , , , , , , , , , , , , , , , , , , , , , , , , , , , , , , , , , , , ,0.857,0.647,0.619,0.667
Cluster_5273.mature::Pocillopora_meandrina_HIv1_Sc0000021:4351838-4351860(+), , , , , , , , , , , , , , , , , , , , , , , , , , , , , , , , , , , , , , , , , , , , , , , , , , , , , , , , , , , , , , , , , , , , , , , , , , , , , , , , , , , , , , , , , , , , , , , , , , , , , , , , , , , , , , , , , , , , , ,0.667,0.682,0.6
Cluster_5633.mature::Pocillopora_meandrina_HIv1_Sc0000024:4808687-4808708(+), , , , , , , , , , , , , , , , , , , , , , , , , , , , , , , , , , , , , , , , , , , , , , , , , , , , , , , , , , , , , , , , , , , , , , , , , , , , , , , , , , , , , , , , , , , , , , , , , , , , , , , , , , , , , , , , , , , , , , ,0.611,0.625
Cluster_5761.mature::Pocillopora_meandrina_HIv1_Sc0000026:1154771-1154793(-), , , , , , , , , , , , , , , , , , , , , , , , , , , , , , , , , , , , , , , , , , , , , , , , , , , , , , , , , , , , , , , , , , , , , , , , , , , , , , , , , , , , , , , , , , , , , , , , , , , , , , , , , , , , , , , , , , , , , , , ,0.55
Cluster_6425.mature::Pocillopora_meandrina_HIv1_Sc0000035:1989841-1989863(+) , , , , , , , , , , , , , , , , , , , , , , , , , , , , , , , , , , , , , , , , , , , , , , , , , , , , , , , , , , , , , , , , , , , , , , , , , , , , , , , , , , , , , , , , , , , , , , , , , , , , , , , , , , , , , , , , , , , , , , , , 
