Cluster_316.mature::NC_058066.1:12757146-12757168(-), ,0.455,0.8,0.611,0.75,0.556,0.8,0.722,0.556,0.556,0.765,0.556,0.833,0.762,0.722,0.789,0.556,0.667,0.706,0.556,0.556,0.714,0.778,0.611,0.786,0.813,0.5,0.8,0.611,0.722,0.667,0.7,0.833,0.474,0.474,0.722,0.722,0.474,0.615,0.611,0.611,0.526,0.611,0.611,0.611,0.789,0.714,0.85,0.625,0.722,0.65,0.786,0.833,0.889,0.8,0.667,0.81,0.667,0.706,0.643,0.611,0.611,0.813,0.571,0.632,0.579,0.579,0.722,0.833,0.733,0.833,0.75,0.9,0.833,0.682,0.706,0.75,0.778,0.438,0.722,0.778,0.5,0.833,0.65,0.4,0.667,0.833,0.571,0.667,0.706,0.455,0.65,0.722,0.75,0.611,0.706,0.684,0.7,0.667,0.7,0.8,0.563,0.667,0.688,0.778,0.833,0.722,0.833,0.722,0.733,0.8,0.833,0.722,0.722,0.643,0.722,0.556,0.778,0.75,0.722,0.688
Cluster_514.mature::NC_058066.1:20088678-20088700(+), , ,0.786,0.875,0.462,0.714,0.8,0.8,0.6,0.6,0.706,0.55,0.8,0.923,0.667,0.8,0.6,0.867,0.6,0.8,0.6,0.667,1,0.667,0.75,0.556,0.615,0.667,0.6,0.8,0.667,0.909,0.733,0.462,0.462,0.467,0.467,0.462,0.6,0.667,0.8,0.571,0.667,0.533,0.533,0.429,0.667,0.769,0.882,0.467,0.769,0.75,0.533,0.65,0.556,0.533,0.583,0.533,0.6,0.684,0.733,0.733,0.765,0.7,0.692,0.692,0.615,0.6,0.8,0.765,0.733,0.769,0.692,0.933,0.636,0.813,0.824,0.8,0.824,0.667,0.933,0.6,0.733,0.769,0.615,0.643,0.733,0.8,0.733,0.688,0,0.769,0.8,0.571,0.667,0.6,0.467,0.692,0.6,0.75,0.778,0.824,0.667,0.765,0.867,0.733,0.667,0.8,0.8,0.722,0.706,0.667,0.667,0.667,0.632,0.733,0.769,0.667,0.583,0.8,0.824
Cluster_548.mature::NC_058066.1:20346248-20346271(-), , , ,0.857,0.545,0.667,0.652,0.762,0.714,0.714,0.75,0.833,0.524,0.5,0.762,0.636,0.714,0.714,0.75,0.81,0.619,0.917,0.571,0.762,0.765,0.579,0.864,0.696,0.81,0.81,0.762,0.727,0.81,0.619,0.619,0.762,0.762,0.619,0.75,0.524,0.857,0.773,0.762,0.81,0.762,0.636,0.571,0.636,0.579,0.905,0.818,0.765,0.762,0.75,0.556,0.857,0.762,0.857,0.75,0.882,0.714,0.714,0.632,0.789,0.667,0.714,0.714,0.81,0.762,0.667,0.619,0.591,0.818,0.619,0.85,0.65,0.579,0.762,0.737,0.762,0.714,0.714,0.81,0.864,0.818,0.81,0.571,0.632,0.619,0.7,0.786,0.682,0.81,0.696,0.762,0.75,0.773,0.545,0.571,0.714,0.611,0.737,0.8,0.842,0.762,0.667,0.762,0.714,0.857,0.778,0.667,0.762,0.81,0.857,0.765,0.571,0.857,0.81,0.714,0.667,0.684
Cluster_1506.mature::NC_058067.1:5656213-5656236(-), , , , ,0.7,0.762,0.682,0.545,0.727,0.727,0.773,0.929,0.818,0.75,0.818,0.864,0.545,0.591,0.667,0.591,0.864,0.6,0.773,0.773,0.684,0.762,0.45,0.773,0.727,0.773,0.864,0.636,0.773,0.75,0.75,0.727,0.727,0.7,0.722,0.864,0.636,0.762,0.773,0.591,0.591,0.952,0.895,0.75,0.571,0.682,0.55,0.684,0.727,0.714,0.75,0.545,0.737,0.5,0.667,0.579,0.682,0.682,0.571,0.471,0.7,0.7,0.7,0.545,0.818,0.8,0.682,0.6,0.75,0.682,0.778,0.727,0.571,0.909,0.476,0.818,0.636,0.636,0.909,0.7,0.7,0.81,0.727,0.588,0.727,0.909,0.875,0.5,0.636,0.714,0.818,0.667,0.682,0.7,0.818,0.737,0.8,0.667,0.529,0.667,0.591,0.818,0.818,0.682,0.636,0.7,0.75,0.727,0.682,0.682,0.737,0.864,0.7,0.818,0.895,0.727,0.762
Cluster_1900.mature::NC_058067.1:16118269-16118291(-), , , , , ,0.8,0.591,0.55,0.65,0.65,0.684,0.636,0.9,0.636,0.8,0.667,0.55,0.9,0.632,0.75,0.75,0.667,0.8,0.7,0.75,0.667,0.727,0.773,0.55,0.7,0.6,0.8,0.85,0.714,0.714,0.7,0.7,0.714,0.6,0.6,0.75,0.571,0.7,0.65,0.65,0.667,0.714,0.636,0.667,0.55,0.727,0.75,0.85,0.909,0.647,0.55,0.714,0.5,0.632,0.625,0.65,0.65,0.778,0.737,0.524,0.524,0.476,0.65,0.75,0.588,0.5,0.455,0.773,0.6,0.75,0.684,0.667,0.75,0.556,0.8,0.8,0.55,0.8,0.727,0.773,0.7,0.65,0.947,0.7,0.684,0.462,0.727,0.75,0.773,0.7,0.632,0.571,0.818,0.65,0.619,0.647,0.833,0.429,0.722,0.75,0.55,0.8,0.8,0.75,0.706,0.647,0.75,0.7,0.7,0.75,0.6,0.75,0.8,0.667,0.65,0.778
Cluster_1998.mature::NC_058067.1:21549048-21549069(+), , , , , , ,0.81,0.667,0.667,0.667,0.85,0.833,0.81,0.65,0.714,0.905,0.857,0.714,0.6,0.667,0.667,0.7,0.667,0.667,0.882,0.737,0.75,0.571,0.762,0.762,0.81,0.6,0.619,0.65,0.65,0.762,0.762,0.65,0.625,0.619,0.857,0.762,0.667,0.762,0.762,0.81,0.579,0.8,0.684,0.714,0.8,0.882,0.857,0.667,0.778,0.81,0.789,0.81,0.6,0.529,0.762,0.762,0.474,0.765,0.65,0.65,0.6,0.81,0.762,0.778,0.81,0.75,0.65,0.905,0.889,0.75,0.737,0.762,0.789,0.714,0.81,0.524,0.857,0.8,0.65,0.762,0.619,0.588,0.762,0.6,0.714,0.7,0.81,0.81,0.667,0.6,0.619,0.7,0.714,0.579,0.889,0.789,0.867,0.579,0.762,0.81,0.714,0.619,0.714,0.556,0.611,0.714,0.762,0.81,0.588,0.81,0.737,0.762,0.895,0.619,0.842
Cluster_2057.mature::NC_058067.1:25838852-25838876(+), , , , , , , ,0.864,0.727,0.727,0.667,0.769,0.727,0.727,0.773,0.739,0.545,0.818,0.667,0.864,0.818,0.583,0.682,0.727,0.667,0.65,0.727,0.75,0.773,0.682,0.773,0.583,0.682,0.857,0.857,0.682,0.682,0.81,0.706,0.5,0.636,0.682,0.727,0.818,0.5,0.773,0.667,0.727,0.8,0.682,0.773,0.667,0.636,0.615,0.632,0.636,0.905,0.636,0.667,0.722,0.591,0.591,0.65,0.632,0.762,0.762,0.762,0.682,0.773,0.632,0.545,0.727,0.864,0.727,0.85,0.762,0.65,0.727,0.5,0.773,0.727,0.636,0.773,0.591,0.773,0.667,0.727,0.842,0.727,0.857,0.8,0.636,0.773,0.783,0.773,0.667,0.609,0.545,0.727,0.762,0.789,0.8,0.5,0.7,0.727,0.591,0.773,0.909,0.818,0.737,0.684,0.818,0.909,0.909,0.667,0.5,0.818,0.636,0.857,0.727,0.55
Cluster_2074.mature::NC_058067.1:26890879-26890901(+), , , , , , , , ,0.636,0.636,0.714,0.769,0.818,0.9,0.591,0.636,0.636,0.773,0.714,0.591,0.818,0.6,0.773,0.727,0.833,0.6,0.55,0.682,0.636,0.864,0.773,0.727,0.909,0.7,0.7,0.818,0.818,0.7,0.706,0.909,0.773,0.619,0.727,0.682,0.682,0.81,0.684,0.7,0.7,0.682,0.7,0.833,0.864,0.846,0.632,0.727,0.737,0.682,0.714,0.722,0.636,0.636,0.75,0.647,0.65,0.65,0.65,0.682,0.727,0.789,0.636,0.6,0.6,0.5,0.556,0.667,0.55,0.818,0.7,0.591,0.545,0.591,0.864,0.7,0.85,0.714,0.727,0.824,0.682,0.762,0.8,0.75,0.455,0.714,0.682,0.714,0.636,0.85,0.818,0.737,0.632,0.8,0.625,0.65,0.545,0.864,0.591,0.727,0.636,0.737,0.789,0.727,0.682,0.727,0.778,0.864,0.6,0.773,0.684,0.682,0.8
Cluster_2521.mature::NC_058068.1:597877-597899(+), , , , , , , , , ,0,0.619,0.692,0.682,0.65,0.591,0.909,0.545,0.636,0.619,0.455,0.727,0.4,0.773,0.636,0.722,0.8,0.45,0.636,0.727,0.682,0.636,0.636,0.727,0.6,0.6,0.545,0.545,0.6,0.706,0.636,0.636,0.714,0.636,0.591,0.682,0.619,0.632,0.65,0.65,0.636,0.5,0.722,0.773,0.615,0.842,0.727,0.842,0.727,0.619,0.778,0.5,0.5,0.7,0.706,0.7,0.7,0.7,0.727,0.545,0.579,0.636,0.7,0.75,0.864,0.5,0.762,0.85,0.545,0.45,0.591,0.818,0.5,0.955,0.8,0.65,0.714,0.864,0.824,0.727,0.714,0.6,0.7,0.591,0.762,0.682,0.619,0.409,0.65,0.727,0.737,0.737,0.75,0.438,0.55,0.727,0.773,0.591,0.682,0.682,0.737,0.632,0.818,0.636,0.636,0.611,0.818,0.6,0.773,0.947,0.5,0.75
Cluster_2522.mature::NC_058068.1:598173-598195(+), , , , , , , , , , ,0.619,0.692,0.682,0.65,0.591,0.909,0.545,0.636,0.619,0.455,0.727,0.4,0.773,0.636,0.722,0.8,0.45,0.636,0.727,0.682,0.636,0.636,0.727,0.6,0.6,0.545,0.545,0.6,0.706,0.636,0.636,0.714,0.636,0.591,0.682,0.619,0.632,0.65,0.65,0.636,0.5,0.722,0.773,0.615,0.842,0.727,0.842,0.727,0.619,0.778,0.5,0.5,0.7,0.706,0.7,0.7,0.7,0.727,0.545,0.579,0.636,0.7,0.75,0.864,0.5,0.762,0.85,0.545,0.45,0.591,0.818,0.5,0.955,0.8,0.65,0.714,0.864,0.824,0.727,0.714,0.6,0.7,0.591,0.762,0.682,0.619,0.409,0.65,0.727,0.737,0.737,0.75,0.438,0.55,0.727,0.773,0.591,0.682,0.682,0.737,0.632,0.818,0.636,0.636,0.611,0.818,0.6,0.773,0.947,0.5,0.75
Cluster_2551.mature::NC_058068.1:3756521-3756544(-), , , , , , , , , , , ,0.533,0.714,0.789,0.619,0.762,0.524,0.81,0.571,0.619,0.762,0.556,1,0.714,0.6,0.773,0.579,0.476,0.667,0.571,0.81,0.818,0.619,0.579,0.579,0.667,0.667,0.579,0.632,0.857,0.667,0.75,0.714,0.667,0.81,0.7,0.833,0.632,0.818,0.714,0.579,0.6,0.762,0.867,0.762,0.857,0.778,0.857,0.571,0.75,0.714,0.714,0.864,0.75,0.842,0.842,0.842,0.524,0.714,0.571,0.667,0.684,0.789,0.81,0.706,0.773,0.591,0.667,0.773,0.619,0.667,0.714,0.762,0.737,0.684,0.8,0.81,0.813,0.762,0.727,0.706,0.684,0.714,0.9,0.667,0.571,0.667,0.579,0.667,0.833,0.571,0.727,0.778,0.727,0.762,0.667,0.619,0.619,0.762,0.81,0.81,0.81,0.905,0.905,0.6,0.619,0.842,0.571,0.833,0.667,0.818
Cluster_3019.mature::NC_058068.1:17539511-17539533(-), , , , , , , , , , , , ,0.692,0.636,0.615,0.385,0.692,0.692,0.538,0.692,0.615,1,0.923,0.846,0.667,0.75,0.727,0.692,0.769,0.769,0.846,0.818,0.846,0.545,0.545,0.692,0.692,0.545,0.667,0.615,0.769,0.833,0.846,0.692,0.538,0.417,0.7,0.545,0.933,0.846,0.818,0.667,0.692,0.818,0.75,0.923,0.5,0.923,0.538,0.765,0.769,0.769,0.867,0.875,0.727,0.727,0.727,0.385,0.538,0.6,0.692,0.636,0.545,0.846,0.556,0.714,0.6,0.538,0.867,0.615,0.692,0.846,0.538,0.636,0.727,0.667,0.923,0.625,0.769,0.643,0.55,0.727,0.846,0.667,0.769,0.538,0.538,0.727,0.769,0.6,0.5,1,0.842,0.733,0.769,0.538,0.615,0.769,0.923,0.875,0.8,0.538,0.692,0.692,0.529,0.615,0.727,0.615,0.5,0.846,0.667
Cluster_3087.mature::NC_058069.1:1868155-1868177(+), , , , , , , , , , , , , ,0.7,0.636,0.636,0.773,0.591,0.571,0.818,0.727,0.6,0.636,0.818,0.722,0.8,0.75,0.909,0.864,0.727,0.773,0.818,0.682,0.75,0.75,0.727,0.727,0.75,0.824,0.773,0.682,0.714,0.818,0.773,0.682,0.714,0.737,0.6,0.7,0.773,0.55,0.722,0.727,0.538,0.789,0.727,0.684,0.773,0.571,0.833,0.818,0.818,0.6,0.647,0.85,0.85,0.85,0.818,0.727,0.632,0.727,0.85,0.8,0.864,0.778,0.905,0.75,0.773,0.8,0.636,0.636,0.773,0.727,0.7,0.7,0.667,0.727,0.647,0.682,0.667,0.8,0.7,0.636,0.619,0.773,0.571,0.818,0.65,0.773,0.842,0.737,0.75,0.875,0.95,0.773,0.773,0.636,0.636,0.955,0.737,0.684,0.864,0.818,0.773,0.722,0.727,0.8,0.545,0.789,0.682,0.55
Cluster_3090.mature::NC_058069.1:2018510-2018533(-), , , , , , , , , , , , , , ,0.7,0.762,0.65,0.7,0.684,0.7,0.7,0.923,0.6,0.9,0.563,0.667,0.682,0.727,0.85,0.7,0.8,0.727,0.75,0.619,0.619,0.75,0.75,0.619,0.8,0.55,0.9,0.762,0.9,0.95,0.8,0.667,0.773,0.636,0.389,0.75,0.591,0.563,0.65,0.636,0.647,0.85,0.727,0.85,0.684,0.75,0.7,0.7,0.611,0.85,0.619,0.667,0.667,0.75,0.65,0.647,0.65,0.409,0.773,0.7,0.714,0.632,0.778,0.7,0.611,0.7,0.75,0.65,0.8,0.773,0.773,0.6,0.7,0.65,0.7,0.632,0.923,0.636,0.8,0.682,0.9,0.684,0.667,0.636,0.8,0.619,0.529,0.722,0.5,0.556,0.8,0.55,0.7,0.65,0.7,0.765,0.706,0.65,0.75,0.75,0.625,0.65,0.85,0.75,0.762,0.6,0.556
Cluster_3672.mature::NC_058069.1:21012168-21012190(-), , , , , , , , , , , , , , , ,0.727,0.818,0.636,0.81,0.727,0.773,0.5,0.818,0.727,0.778,0.75,0.55,0.682,0.727,0.864,0.818,0.818,0.864,0.7,0.7,0.818,0.818,0.75,0.647,0.773,0.818,0.762,0.727,0.591,0.773,0.667,0.684,0.7,0.7,0.682,0.75,0.778,0.818,0.769,0.789,0.864,0.842,0.864,0.81,0.889,0.773,0.773,0.7,0.765,0.75,0.75,0.75,0.773,0.773,0.632,0.545,0.9,0.7,0.909,0.556,0.857,0.85,0.864,0.6,0,0.773,0.727,0.818,0.8,0.75,0.714,0.727,0.824,0.545,0.619,0.667,0.8,0.682,0.667,0.682,0.81,0.727,0.7,0.818,0.737,0.789,0.6,0.688,0.65,0.727,0.636,0,0.818,0.864,0.947,0.842,0.727,0.818,0.773,0.667,0.818,0.85,0.636,0.842,0.591,0.75
Cluster_3973.mature::NC_058070.1:2185007-2185030(-), , , , , , , , , , , , , , , , ,0.864,0.864,0.667,0.727,0.727,0.818,0.636,0.864,0.722,0.65,0.762,0.87,0.636,0.773,0.864,0.818,0.818,0.714,0.714,0.818,0.818,0.714,0.882,0.636,0.636,0.636,0.864,0.727,0.773,0.636,0.6,0.762,0.9,0.864,0.81,0.722,0.818,0.692,0.632,0.818,0.7,0.773,0.667,0.833,0.773,0.773,0.9,0.722,0.762,0.714,0.714,0.682,0.773,0.842,0.636,0.762,0.619,0.591,0.684,0.714,0.7,0.773,0.8,0.727,0.5,0.773,0.636,0.762,0.905,0.667,0.818,0.556,0.727,0.81,0.8,0.857,0.773,0.682,0.818,0.667,0.826,0.81,0.773,0.8,0.526,0.75,0.75,0.85,0.727,0.591,0.727,0.864,0.818,0.842,0.895,0.818,0.682,0.727,0.722,0.636,0.714,0.727,0.45,0.727,0.65
Cluster_4247.mature::NC_058070.1:11598966-11598988(+), , , , , , , , , , , , , , , , , ,0.864,0.619,0.727,0.682,0.6,0.773,0.545,0.556,0.55,0.45,0.545,0.636,0.773,0.682,0.818,0.864,0.5,0.5,0.545,0.545,0.45,0.588,0.818,0.5,0.619,0.545,0.636,0.636,0.714,0.789,0.65,0.5,0.591,0.45,0.556,0.636,0.615,0.526,0.636,0.579,0.636,0.619,0.5,0.409,0.409,0.6,0.471,0.7,0.7,0.7,0.591,0.545,0.632,0.682,0.5,0.85,0.591,0.667,0.571,0.45,0.591,0.55,0.818,0.636,0.591,0.864,0.45,0.6,0.667,0.682,0.765,0.636,0.762,0.6,0.55,0.682,0.762,0.591,0.619,0.455,0.55,0.636,0.737,0.526,0.7,0.313,0.55,0.636,0.773,0.818,0.682,0.636,0.632,0.737,0.818,0.682,0.682,0.444,0.5,0.5,0.545,0.737,0.682,0.7
Cluster_4867.mature::NC_058070.1:26874026-26874048(+), , , , , , , , , , , , , , , , , , ,0.762,0.682,0.818,0.8,0.591,0.818,0.667,0.85,0.75,0.727,0.909,0.864,0.773,0.545,0.727,0.65,0.65,0.818,0.818,0.7,0.471,0.682,0.864,0.762,0.818,0.727,0.727,0.762,0.789,0.7,0.75,0.909,0.75,0.667,0.773,0.615,0.842,0.773,0.579,0.818,0.762,0.722,0.773,0.773,0.65,0.765,0.7,0.7,0.75,0.591,0.773,0.632,0.682,0.85,0.6,0.682,0.556,0.762,0.75,0.682,0.7,0.636,0.773,0.727,0.727,0.65,0.8,0.714,0.909,0.529,0.727,0.667,0.867,0.65,0.5,0.571,0.864,0.762,0.727,0.75,0.909,0.632,0.684,0.6,0.813,0.8,0.636,0.636,0.636,0.636,0.773,0.842,0.737,0.682,0.636,0.591,0.778,0.955,0.75,0.909,0.842,0.773,0.6
Cluster_5241.mature::NC_058071.1:8840802-8840823(+), , , , , , , , , , , , , , , , , , , ,0.81,0.81,0.444,0.81,0.762,0.778,0.75,0.632,0.857,0.667,0.667,0.714,0.909,0.476,0.632,0.632,0.571,0.571,0.632,0.588,0.714,0.81,0.6,0.762,0.81,0.667,0.65,0.889,0.526,0.75,0.714,0.474,0.778,0.667,0.538,0.737,0.714,0.667,0.714,0,0.5,0.714,0.714,0.7,0.625,0.789,0.789,0.737,0.619,0.762,0.842,0.857,0.684,0.684,0.857,0.647,0.714,0.65,0.762,0.7,0.81,0.714,0.381,0.762,0.737,0.632,0.85,0.762,0.813,0.905,0.714,0.6,0.737,0.571,0.8,0.714,0,0.667,0.737,0.81,0.778,0.579,0.85,0.5,0.75,0.81,0.762,0.81,0.619,0.81,0.684,0.789,0.81,0.714,0.714,0.611,0.619,0.684,0.619,0.667,0.762,0.85
Cluster_6376.mature::NC_058072.1:19030617-19030639(+), , , , , , , , , , , , , , , , , , , , ,0.818,0.5,0.773,0.727,0.556,0.9,0.55,0.727,0.773,0.818,0.773,0.455,0.682,0.55,0.55,0.682,0.682,0.55,0.824,0.773,0.636,0.81,0.727,0.591,0.636,0.81,0.579,0.85,0.7,0.727,0.65,0.556,0.773,0.769,0.947,0.773,0.789,0.727,0.81,0.722,0.5,0.5,0.7,0.706,0.8,0.8,0.8,0.545,0.727,0.684,0.545,0.75,0.55,0.636,0.556,0.857,0.7,0.636,0.6,0.727,0.636,0.682,0.727,0.85,0.7,0.81,0.818,0.588,0.682,0.762,0.8,0.55,0.727,0.714,0.773,0.81,0.682,0.65,0.773,0.842,0.632,0.5,0.813,0.65,0.636,0.727,0.727,0.682,0.682,0.632,0.684,0.727,0.636,0.636,0.778,0.864,0.7,0.773,0.947,0.591,0.8
Cluster_6439.mature::NC_058072.1:23262867-23262889(-), , , , , , , , , , , , , , , , , , , , , ,0.9,0.591,0.591,0.889,0.55,0.75,0.591,0.682,0.818,0.727,0.727,0.727,0.6,0.6,0.727,0.727,0.6,0.706,0.727,0.727,0.762,0.591,0.955,0.682,0.619,0.632,0.8,0.7,0.727,0.75,0.889,0.591,0.769,0.526,0.773,0.632,0.773,0.81,0.778,0.818,0.818,0.75,0.765,0.8,0.8,0.8,0.727,0.727,0.579,0.909,0.75,0.7,0.682,0.778,0.619,0.75,0.727,0.7,0.773,0.773,0.818,0.727,0.65,0.6,0.571,0.682,0.647,0.727,0.667,0.6,0.6,0.864,0.714,0.591,0.81,0.682,0.9,0.455,0.789,0.684,0.8,0.813,0.65,0.727,0.909,0.773,0.636,0.864,0.842,0.789,0.773,0.636,0.682,0.778,0.545,0.7,0.727,0.526,0.864,0.8
Cluster_6958.mature::NC_058073.1:11426850-11426872(-), , , , , , , , , , , , , , , , , , , , , , ,0.7,0.7,0.5,0.5,0.583,0.75,0.7,0.7,0.5,0.545,0.6,0.818,0.818,0.9,0.9,0.818,0.6,0.8,0.6,0.818,0.7,0.6,0.7,0.636,0.615,0.667,0.75,0.5,0.583,0.5,0.8,0,0.571,0.5,0.769,0.5,0.444,0.667,0.8,0.8,0.5,0.667,0.909,0.909,0.909,0.6,0.7,0.714,0.7,0.833,0.75,0.8,0.786,0.889,0.625,0.9,0.375,0.5,0.5,0.6,0.9,0.75,0.75,0.8,0.5,0.667,0.9,0.778,0.667,0.667,0.6,0.667,0.7,0.444,0.636,0.583,0.9,0.917,0.857,0.625,0.5,0.5,0.4,0.6,0.5,0.6,0.6,0.714,0.857,0.8,0.9,0.9,0.5,0.9,0.667,0.7,1,0.4,0.75
Cluster_6965.mature::NC_058073.1:11856173-11856195(+), , , , , , , , , , , , , , , , , , , , , , , ,0.773,0.722,0.65,0.8,0.864,0.818,0.818,0.818,0.545,0.727,0.8,0.8,0.955,0.955,0.8,0.765,0.545,0.818,0.667,0.773,0.955,0.773,0.857,0.526,0.95,0.55,0.773,0.7,0.722,0.682,0.538,0.632,0.864,0.684,0.864,0.81,0.722,0.727,0.727,0.7,0.588,0.55,0.55,0.6,0.818,0.818,0.737,0.818,0.75,0.8,0.5,0.667,0.762,0.7,0.864,0.85,0.818,0.636,0.727,0.682,0.65,0.85,0.571,0.636,0.529,0.727,0.619,1,0.65,0.773,0.571,0.773,0.81,0.682,0.75,0.773,0.632,0.789,0.55,0.688,0.9,0.727,0.727,0.818,0.545,0.773,0.579,0.632,0.727,0.773,0.727,0.722,0.727,0.8,0.818,0.632,0.682,0.6
Cluster_6977.mature::NC_058073.1:12437102-12437124(+), , , , , , , , , , , , , , , , , , , , , , , , ,0.778,0.8,0.75,0.591,0.773,0.864,0.682,0.727,0.773,0.55,0.55,0.773,0.773,0.5,0.529,0.682,0.636,0.619,0,0.636,0.636,0.714,0.684,0.65,0.7,0.682,0.75,0.778,0.818,0.846,0.842,0.727,0.579,0.727,0.762,0.722,0.727,0.727,0.6,0.529,0.7,0.7,0.75,0.773,0.636,0.632,0.818,0.9,0.8,0.818,0.722,0.619,0.7,0.682,0.7,0.727,0.773,0.545,0.818,0.7,0.7,0.714,0.773,0.824,0.545,0.81,0.667,0.8,0.818,0.762,0.045,0.762,0.682,0.8,0.455,0.789,0.737,0.55,0.688,0.6,0.727,0.818,0.727,0.727,0.682,0.737,0.789,0.773,0.727,0.682,0.778,0.682,0.65,0.636,0.684,0.636,0.75
Cluster_7025.mature::NC_058073.1:15996878-15996901(-), , , , , , , , , , , , , , , , , , , , , , , , , ,0.571,0.625,0.611,0.667,0.611,0.944,0.727,0.778,0.563,0.563,0.667,0.667,0.563,0.682,0.778,0.667,0.824,0.778,0.722,0.722,0.765,0.8,0.438,0.7,0.667,0.688,0,0.722,0.5,0.571,0.722,0.533,0.778,0.778,0.727,0.667,0.667,0.6,0.538,0.875,0.875,0.875,0.5,0.611,0.6,0.667,0.563,0.625,0.556,0.571,0.474,0.6,0.667,0.65,0.778,0.5,0.722,0.667,0.625,0.813,0.529,0.833,0.538,0.722,0.789,0.75,0.438,0.667,0.706,0.833,0.778,0.667,0.563,0.667,0.867,0.571,0.7,0.476,0.6,0.556,0.389,0.778,0.667,0.667,0.667,0.75,0.778,0.833,0.833,0.591,0.722,0.688,0.556,0.733,0.389,0.45
Cluster_7077.mature::NC_058074.1:2966522-2966545(+), , , , , , , , , , , , , , , , , , , , , , , , , , ,0.722,0.6,0.55,0.7,0.75,0.818,0.8,0.778,0.778,0.7,0.7,0.778,0.65,0.95,0.8,0.684,0.8,0.9,0.9,0.579,0.706,0.556,0.727,0.75,0.833,0.571,0.65,0.438,0,0.65,0.706,0.65,0.75,0.619,0.65,0.65,0.727,0.6,0.722,0.722,0.722,0.65,0.55,0.667,0.75,0.5,0.556,0.6,0.813,0.524,0.545,0.7,0.727,0.75,0.6,0.8,0.65,0.5,0.778,0.579,0.6,0.667,0.9,0.81,0.556,0.556,0.75,0.632,0.8,0.75,0.7,0.611,0.7,0.706,0.636,0.773,0.579,0.636,0.5,0.6,0.75,0.7,0.6,0.682,0.714,0.6,0.8,0.85,0.571,0.65,0.778,0.6,0.647,0.65,0.682
Cluster_8475.mature::NC_058075.1:15908522-15908544(+), , , , , , , , , , , , , , , , , , , , , , , , , , , ,0.682,0.5,0.75,0.8,0.8,0.75,0.429,0.429,0.6,0.6,0.476,0.6,0.8,0.55,0.714,0.75,0.55,0.7,0.81,0.714,0.727,0.389,0.65,0.545,0.625,0.8,0.727,0.706,0.65,0.667,0.65,0.632,0.688,0.5,0.5,0.667,0.526,0.762,0.762,0.762,0.6,0.65,0.647,0.6,0.591,0.773,0.75,0.65,0.632,0.722,0.8,0.5,0.55,0.6,0.5,1,0.636,0.591,0.55,0.75,0.632,0.7,0.684,0.615,0.545,0.65,0.773,0.75,0.632,0.381,0.682,0.8,0.714,0.824,0.611,0.429,0.333,0.5,0.8,0.55,0.65,0.7,0.824,0.882,0.75,0.75,0.75,0.5,0.85,0.7,0.75,0.857,0.5,0.778
Cluster_8545.mature::NC_058075.1:19537877-19537901(-), , , , , , , , , , , , , , , , , , , , , , , , , , , , ,0.727,0.682,0.727,0.667,0.727,0.619,0.619,0.682,0.682,0.619,0.588,0.864,0.682,0.909,0.591,0.636,0.636,0.545,0.571,0.773,0.7,0.727,0.682,0.611,0.682,0.615,0.632,0.818,0.619,0.818,0.857,0.611,0.682,0.682,0.6,0.737,0.619,0.667,0.667,0.455,0.591,0.526,0.591,0.682,0.636,0.636,0.8,0.524,0.7,0.636,0.7,0.682,0.727,0.773,0.818,0.636,0.773,0.667,0.773,0.579,0.773,0.667,0.667,0.636,0.773,0.696,0.636,0.857,0.522,0.682,0.545,0.524,0.737,0.7,0.625,0.4,0.591,0.727,0.682,0.591,0.5,0.684,0.684,0.682,0.818,0.864,0.5,0.636,0.545,0.636,0.762,0.591,0.7
Cluster_9460.mature::NC_058077.1:2892707-2892729(+), , , , , , , , , , , , , , , , , , , , , , , , , , , , , ,0.682,0.727,0.909,0.818,0.65,0.65,0.591,0.591,0.7,0.588,0.909,0.636,0.667,0.773,0.682,0.773,0.81,0.737,0.8,0.7,0.727,0.6,0.667,0.773,0.615,0.526,0.682,0.684,0.636,0.667,0.556,0.682,0.682,0.8,0.647,0.65,0.65,0.65,0.727,0.682,0.737,0.682,0.65,0.8,0.818,0.611,0.571,0.75,0.727,0.7,0.727,0.591,0.682,0.818,0.65,0.55,0.571,0.773,0.765,0.773,0.667,0.6,0.75,0.773,0.857,0.773,0.667,0.773,0.8,0.636,0.632,0.684,0.7,0.5,0.5,0.682,0.727,0.727,0.727,0.682,0.684,0.789,0.864,0.727,0.773,0.722,0.773,0.6,0.727,0.789,0.682,0.85
Cluster_10055.mature::NC_058077.1:21629096-21629118(+), , , , , , , , , , , , , , , , , , , , , , , , , , , , , , ,0.727,0.727,0.727,0.8,0.8,0.773,0.773,0.8,0.765,0.818,0.727,0.571,0.864,0.818,0.818,0.667,0.789,0.7,0.9,0.591,0.65,0.611,0.727,0.538,0.684,0.727,0.842,0.727,0.667,0.667,0.773,0.773,0.85,0.765,0.7,0.7,0.7,0.591,0.682,0.579,0.864,0.6,0.9,0.864,0.889,0.762,0.8,0.773,0.65,0.864,0.818,0.727,0.773,0.8,0.45,0.667,0.955,0.765,0.818,0.714,0.8,0.65,0.818,0.905,0.818,0.667,0.727,0.8,0.591,0.632,0.842,0.75,0.625,0.75,0.773,0.682,0.864,0.682,0.591,0.632,0.632,0.682,0.818,0.818,0.667,0.636,0.9,0.591,0.737,0.636,0.6
Cluster_10187.mature::NC_058078.1:5700442-5700464(-), , , , , , , , , , , , , , , , , , , , , , , , , , , , , , , ,0.727,0.818,0.8,0.8,0.818,0.818,0.85,0.824,0.727,0.636,0.714,0.682,0.682,0.727,0.524,0.737,0.75,0.85,0.682,0.75,0.944,0.591,0.846,0.789,0.591,0.737,0.591,0.714,0.778,0.682,0.682,0.8,0.824,0.75,0.75,0.7,0.773,0.591,0.737,0.636,0.8,0.8,0.818,0.778,0.81,0.8,0.682,0.7,0.818,0.727,0.682,0.727,0.75,0.7,0.81,0.682,0.765,0.773,0.714,0.667,0.9,0.682,0.762,0.727,0.714,0.727,0.75,0.773,0.684,0.737,0.7,0.688,0.65,0.727,0.818,0.818,0.818,0.636,0.737,0.789,0.682,0.636,0.636,0.778,0.682,0.5,0.818,0.737,0.773,0.75
Cluster_10487.mature::NC_058078.1:13646563-13646585(+), , , , , , , , , , , , , , , , , , , , , , , , , , , , , , , , ,0.818,0.889,0.889,0.727,0.727,0.889,0.818,0.545,0.909,0.7,0.727,0.818,0.636,0.6,0.7,1,0.818,0.727,0.8,0.727,0.636,0.727,0.818,0.909,0.8,0.909,0.909,0.636,0.727,0.727,0.818,0.7,0.667,0.667,0.778,0.545,0.636,0.545,0.727,0.9,0.6,0.455,0.9,0.727,0.909,0.636,0.727,0.818,0.545,0.727,0.818,0.8,0.7,0.9,0.818,0.6,0.727,0.818,0.909,0.6,0.727,0.636,0.818,0.909,0.727,0.8,0.636,0.778,0.727,0.545,0.818,0.727,0.545,0.727,0.818,0.727,0.636,0.545,0.545,0.818,0.545,0.636,0.818,0.818,0.8,0.818,0.889,0.818,0.636
Cluster_10675.mature::NC_058079.1:2370984-2371006(+), , , , , , , , , , , , , , , , , , , , , , , , , , , , , , , , , ,0.7,0.7,0.682,0.682,0.7,0.706,0.682,0.773,0.762,0.773,0.818,0.727,0.81,0.737,0.75,0.7,0.773,0.5,0.778,0.636,0.692,0.789,0.682,0.737,0.682,0.476,0.667,0.818,0.818,0.7,0.882,0.95,0.95,0.9,0.682,0.955,0.947,0.727,0.85,0.65,0.818,0.778,0.81,0.75,0.818,0.75,0.864,0.864,0.5,0.727,0.8,0.75,0.81,0.682,0.765,0.818,0.762,0.733,0.7,0.727,0.81,0.773,0.476,0.727,0.7,0.727,0.947,0.895,0.75,0.813,0.8,0.864,0.864,0.864,0.591,0.864,0.684,0.737,0.682,0.818,0.818,0.778,0.864,0.8,0.773,0.737,0.727,0.75
Cluster_10726.mature::NC_058079.1:5232178-5232199(+), , , , , , , , , , , , , , , , , , , , , , , , , , , , , , , , , , ,0,0.6,0.6,0.048,0.4,0.65,0.7,0.667,0.55,0.7,0.6,0.667,0.65,0.667,0.556,0.8,0.619,0.563,0.7,0.818,0.765,0.65,0.4,0.65,0.632,0.813,0.5,0.5,0.611,0.667,0.81,0.857,0.857,0.55,0.75,0.765,0.65,0.619,0.762,0.7,0.579,0.579,0.611,0.7,0.722,0.7,0.75,0.5,0.85,0.667,0.667,0.7,0.8,0.556,0.65,0.737,0.462,0.667,0.75,0.714,0.55,0.632,0.619,0.619,0.6,0.8,0.588,0.722,0.571,0.556,0.7,0.8,0.7,0.6,0.75,0.882,0.941,0.65,0.65,0.65,0.563,0.65,0.737,0.75,0.55,0.75,0.667
Cluster_10729.mature::NC_058079.1:5261442-5261463(+), , , , , , , , , , , , , , , , , , , , , , , , , , , , , , , , , , , ,0.6,0.6,0.048,0.4,0.65,0.7,0.667,0.55,0.7,0.6,0.667,0.65,0.667,0.556,0.8,0.619,0.563,0.7,0.818,0.765,0.65,0.4,0.65,0.632,0.813,0.5,0.5,0.611,0.667,0.81,0.857,0.857,0.55,0.75,0.765,0.65,0.619,0.762,0.7,0.579,0.579,0.611,0.7,0.722,0.7,0.75,0.5,0.85,0.667,0.667,0.7,0.8,0.556,0.65,0.737,0.462,0.667,0.75,0.714,0.55,0.632,0.619,0.619,0.6,0.8,0.588,0.722,0.571,0.556,0.7,0.8,0.7,0.6,0.75,0.882,0.941,0.65,0.65,0.65,0.563,0.65,0.737,0.75,0.55,0.75,0.667
Cluster_16040.mature::NW_025322765.1:722296-722318(+), , , , , , , , , , , , , , , , , , , , , , , , , , , , , , , , , , , , ,0,0.6,0.706,0.773,0.636,0.714,0.773,0.773,0.682,0.857,0.842,0.6,0.8,0.727,0.6,0.667,0.636,0.538,0.684,0.636,0.632,0.682,0.571,0.556,0.455,0.455,0.7,0.588,0.8,0.8,0.8,0.682,0.636,0.632,0.591,0.7,0.65,0.818,0.667,0.619,0.8,0.5,0.65,0.818,0.818,0.591,0.864,0.65,0.65,0.714,0.818,0.941,0.818,0.762,0.467,0.6,0.682,0.81,0.818,0.571,0.682,0.7,0.682,0.842,0.684,0.85,0.5,0.7,0.773,0.864,0.818,0.682,0.773,0.789,0.789,0.864,0.682,0.682,0.722,0.591,0.8,0.773,0.789,0.682,0.9
Cluster_16041.mature::NW_025322765.1:799181-799203(-), , , , , , , , , , , , , , , , , , , , , , , , , , , , , , , , , , , , , ,0.6,0.706,0.773,0.636,0.714,0.773,0.773,0.682,0.857,0.842,0.6,0.8,0.727,0.6,0.667,0.636,0.538,0.684,0.636,0.632,0.682,0.571,0.556,0.455,0.455,0.7,0.588,0.8,0.8,0.8,0.682,0.636,0.632,0.591,0.7,0.65,0.818,0.667,0.619,0.8,0.5,0.65,0.818,0.818,0.591,0.864,0.65,0.65,0.714,0.818,0.941,0.818,0.762,0.467,0.6,0.682,0.81,0.818,0.571,0.682,0.7,0.682,0.842,0.684,0.85,0.5,0.7,0.773,0.864,0.818,0.682,0.773,0.789,0.789,0.864,0.682,0.682,0.722,0.591,0.8,0.773,0.789,0.682,0.9
Cluster_17867.mature::NW_025323116.1:130838-130859(-), , , , , , , , , , , , , , , , , , , , , , , , , , , , , , , , , , , , , , ,0.467,0.65,0.65,0.667,0.5,0.65,0.6,0.667,0.6,0.667,0.556,0.8,0.619,0.563,0.7,0.818,0.765,0.6,0.35,0.6,0.632,0.813,0.55,0.55,0.556,0.667,0.81,0.857,0.857,0.55,0.75,0.765,0.7,0.619,0.762,0.7,0.579,0.579,0.556,0.7,0.667,0.75,0.75,0.5,0.85,0.714,0.667,0.7,0.8,0.556,0.7,0.737,0.462,0.667,0.75,0.714,0.5,0.632,0.619,0.571,0.6,0.85,0.588,0.778,0.571,0.611,0.75,0.8,0.75,0.6,0.75,0.882,0.941,0.7,0.65,0.65,0.563,0.65,0.684,0.75,0.55,0.75,0.667
Cluster_29.mature::Porites_evermani_scaffold_1:1404271-1404293(-), , , , , , , , , , , , , , , , , , , , , , , , , , , , , , , , , , , , , , , ,0.765,0.882,0.5,0.529,0.765,0.588,0.688,0.786,0.533,0.737,0.765,0.8,0.682,0.765,0.611,0.65,0.765,0.429,0.765,0.588,0.667,0.765,0.765,0.526,0.583,0.667,0.667,0.733,0.529,0.882,0.684,0.706,0.667,0.667,0.824,0.538,0.722,0.526,0.824,0.737,0.647,0.824,0.529,0.706,0.533,0.6,0.625,0.824,0.667,0.588,0.778,0.6,0.533,0.706,0.75,0.529,0.588,0.588,0.8,0.824,0.571,0.65,0.632,0.667,0.579,0.647,0.647,0.647,0.647,0.647,0.8,0.789,0.647,0.824,0.765,0.714,0.765,0.733,0.588,0.643,0.647,0.684
Cluster_578.mature::Porites_evermani_scaffold_16:383436-383458(-), , , , , , , , , , , , , , , , , , , , , , , , , , , , , , , , , , , , , , , , ,0.818,0.571,0.682,0.773,0.591,0.714,0.632,0.85,0.7,0.773,0.8,0.778,0.682,0.846,0.947,0.773,0.789,0.773,0.714,0.778,0.727,0.727,0.75,0.824,0.7,0.7,0.65,0.864,0.773,0.737,0.773,0.7,0.9,0.773,0.833,0.762,0.85,0.773,0.75,0.773,0.818,0.5,0.773,0.9,0.8,0.667,0.773,0.765,0.591,0.762,0.667,0.9,0.773,0.714,0.727,0.714,0.545,0.65,0.727,0.737,0.789,0.75,0.75,0.8,0.909,0.636,0.773,0.773,0.818,0.737,0.684,0.727,0.727,0.727,0.833,0.636,0.75,0.955,0.632,0.773,0.65
Cluster_786.mature::Porites_evermani_scaffold_26:382571-382593(-), , , , , , , , , , , , , , , , , , , , , , , , , , , , , , , , , , , , , , , , , ,0.81,0.636,0.591,0.727,0.81,0.789,0.8,0.8,0.727,0.65,0.667,0.864,0.692,0.789,0.636,0.737,0.591,0.81,0.722,0.591,0.591,0.65,0.588,0.7,0.7,0.7,0.773,0.636,0.789,0.591,0.7,0.8,0.773,0.833,0.81,0.75,0.636,0.55,0.818,0.636,0.773,0.773,0.65,0.6,0.667,0.682,0.588,0.818,0.857,0.8,0.7,0.773,0.714,0.682,0.81,0.727,0.55,0.682,0.737,0.895,0.7,0.688,0.65,0.818,0.818,0.818,0.818,0.727,0.737,0.789,1,0.636,0.636,0.667,0.727,0.6,0.682,0.842,0.636,0.75
Cluster_1125.mature::Porites_evermani_scaffold_47:475993-476015(-), , , , , , , , , , , , , , , , , , , , , , , , , , , , , , , , , , , , , , , , , , ,0.619,0.762,0.714,0.682,0.85,0.714,0.684,0.667,0.714,0.824,0.81,0.75,0.667,0.619,0.7,0.619,0.6,0.588,0.762,0.762,0.789,0.556,0.667,0.619,0.571,0.762,0.905,0.611,0.857,0.714,0.762,0.762,0.632,0.75,0.684,0.857,0.632,0.762,0.762,0.381,0.762,0.667,0.429,0.667,0.81,0.889,0.619,0.8,0.571,0.714,0.667,0.636,0.619,0.6,0.773,0.905,0.667,0.75,0.556,0.632,0.533,0.842,0.81,0.714,0.762,0.81,0.762,0.667,0.722,0.857,0.667,0.619,0.824,0.619,0.65,0.619,0.5,0.762,0.632
Cluster_1153.mature::Porites_evermani_scaffold_49:151639-151661(-), , , , , , , , , , , , , , , , , , , , , , , , , , , , , , , , , , , , , , , , , , , ,0.636,0.636,0.714,0.684,0.65,0.7,0.682,0.75,0.778,0.818,0.846,0.842,0.727,0.579,0.727,0.762,0.722,0.727,0.727,0.6,0.529,0.7,0.7,0.75,0.773,0.636,0.632,0.818,0.9,0.8,0.818,0.722,0.619,0.7,0.682,0.7,0.727,0.773,0.545,0.818,0.7,0.7,0.714,0.773,0.824,0.545,0.81,0.667,0.8,0.818,0.762,0.045,0.762,0.682,0.8,0.455,0.789,0.737,0.55,0.688,0.6,0.727,0.818,0.727,0.727,0.682,0.737,0.789,0.773,0.727,0.682,0.778,0.682,0.65,0.636,0.684,0.636,0.75
Cluster_2770.mature::Porites_evermani_scaffold_138:127965-127987(+), , , , , , , , , , , , , , , , , , , , , , , , , , , , , , , , , , , , , , , , , , , , ,0.636,0.619,0.579,0.65,0.7,0.727,0.75,0.722,0.864,0.846,0.947,0.682,0.737,0.636,0.81,0.667,0.727,0.727,0.7,0.706,0.75,0.75,0.7,0.636,0.682,0.684,0.545,0.8,0.65,0.818,0.778,0.857,0.75,0.773,0.65,0.591,0.727,0.636,0.909,0.9,0.75,0.857,0.727,0.706,0.727,0.714,0.533,0.8,0.773,0.667,0.682,0.81,0.591,0.7,0.682,0.789,0.842,0.7,0.688,0.7,0.682,0.682,0.591,0.818,0.682,0.737,0.737,0.818,0.591,0.591,0.611,0.864,0.55,0.727,0.842,0.591,0.8
Cluster_2837.mature::Porites_evermani_scaffold_145:5405-5427(+), , , , , , , , , , , , , , , , , , , , , , , , , , , , , , , , , , , , , , , , , , , , , ,0.667,0.737,0.7,0.7,0.636,0.55,0.722,0.455,0.692,0.895,0.682,0.684,0.636,0.667,0.667,0.636,0.636,0.75,0.588,0.7,0.7,0.7,0.5,0.818,0.579,0.636,0.8,0.75,0.682,0.611,0.714,0.7,0.818,0.75,0.773,0.682,0.545,0.773,0.6,0.75,0.667,0.773,0.706,0.636,0.81,0.533,0.65,0.773,0.667,0.682,0.667,0.591,0.75,0.636,0.737,0.737,0.75,0.563,0.7,0.773,0.773,0.773,0.773,0.682,0.684,0.684,0.682,0.636,0.636,0.722,0.591,0.55,0.682,0.632,0.864,0.6
Cluster_2871.mature::Porites_evermani_scaffold_148:94582-94604(-), , , , , , , , , , , , , , , , , , , , , , , , , , , , , , , , , , , , , , , , , , , , , , ,0.6,0.667,0.842,0.667,0.81,0.765,0.714,0.75,0.611,0.714,0.65,0.714,0.65,0.765,0.81,0.81,0.842,0.833,0.714,0.762,0.714,0.619,0.524,0.611,0.714,0.667,0.571,0.714,0.684,0.7,0.842,0.619,0.737,0.667,0.619,0.762,0.714,0.81,0.762,0.81,0.762,0.611,0.905,0.8,0.429,0.81,0.857,0.591,0.714,0.65,0.636,0.667,0.667,0.7,0.5,0.842,0.667,0.579,0.762,0.524,0.667,0.905,0.714,0.833,0.722,0.619,0.524,0.571,0.588,0.667,0.65,0.524,0.6,0.857,0.684
Cluster_4063.mature::Porites_evermani_scaffold_253:200964-200986(+), , , , , , , , , , , , , , , , , , , , , , , , , , , , , , , , , , , , , , , , , , , , , , , ,0.905,0.824,0.684,0.905,0.8,0.789,0.9,0.75,0.684,0.591,0.684,0.889,0.867,0.684,0.684,0.588,0.65,0.65,0.7,0.7,0.632,0.737,0.688,0.526,0.857,0.667,0.632,0.667,0.833,0.765,0.737,0.647,0.684,0.579,0.737,0.842,0.81,0.905,0.684,0.737,0.6,0.737,0.667,0.667,0.714,0.895,0.714,0.684,0.889,0.55,0.667,0.737,0.619,0.75,0.765,0.846,0.647,0.579,0.632,0.684,0.632,0.737,0.75,0.688,0.632,0.789,0.842,0.733,0.789,0.684,0.789,0.762,0.579,0.765
Cluster_4064.mature::Porites_evermani_scaffold_253:202285-202307(+), , , , , , , , , , , , , , , , , , , , , , , , , , , , , , , , , , , , , , , , , , , , , , , , ,0.722,0.7,0.727,0.438,0.75,0.727,0.588,0.8,0.714,0.85,0.526,0.813,0.7,0.7,0.722,0.684,0.857,0.857,0.857,0.7,0.6,0.529,0.65,0.636,0.591,0.85,0.65,0.579,0.611,0.65,0.667,0.7,0.75,0.55,0.85,0.727,0.773,0.65,0.8,0.789,0.75,0.789,0.769,0.636,0.65,0.773,0.65,0.526,0.762,0.727,0.75,0.857,0.471,1,0.429,0.667,0.6,0.65,0.7,0.8,0.8,1,0.941,0.75,0.75,0.75,0.688,0.6,0.75,0.6,0.667,0.55,0.611
Cluster_4097.mature::Porites_evermani_scaffold_257:110360-110382(-), , , , , , , , , , , , , , , , , , , , , , , , , , , , , , , , , , , , , , , , , , , , , , , , , ,0.8,0.5,0.7,0.7,0.733,0.714,0.8,0.706,0.8,0.75,0.6,0.65,0.65,0.545,0.733,0.611,0.611,0.611,0.75,0.7,0.619,0.8,0.444,0.889,0.7,0.688,0.619,0.682,0.8,0.636,0.7,0.8,0.65,0.9,0.667,0.556,0.579,0.55,0.667,0.65,0.571,0.882,0.556,0.7,0.632,0.7,0.75,0.55,0.722,0.75,0.706,0.81,0.682,0.5,0.591,0.65,0.8,0.7,0.6,0.75,0.714,0.762,0.7,0.75,0.7,0.55,0.75,0.667,0.7,0.824,0.65,0.773
Cluster_4617.mature::Porites_evermani_scaffold_316:88464-88486(-), , , , , , , , , , , , , , , , , , , , , , , , , , , , , , , , , , , , , , , , , , , , , , , , , , ,0.7,0.667,0.591,0.769,0.737,0.5,0.789,0.545,0.714,0.722,0.773,0.773,0.9,0.471,0.7,0.7,0.65,0.682,0.727,0.632,0.818,0.75,0.85,0.818,0.722,0.857,0.85,0.818,0.6,0.682,0.682,0.636,0.864,0.75,0.75,0.476,0.773,0.824,0.545,0.81,0.467,0.55,0.727,0.81,0.682,0.714,0.455,0.7,0.727,0.737,0.842,0.75,0.563,0.65,0.636,0.727,0.682,0.773,0.636,0.737,0.737,0.818,0.727,0.727,0.611,0.727,0.8,0.591,0.842,0.727,0.8
Cluster_4722.mature::Porites_evermani_scaffold_334:153604-153626(-), , , , , , , , , , , , , , , , , , , , , , , , , , , , , , , , , , , , , , , , , , , , , , , , , , , ,0.688,0.6,0.455,0.824,0.75,0.714,0.7,0.474,0.5,0.5,0.5,0.722,0.684,0.762,0.762,0.762,0.65,0.7,0.765,0.65,0.682,0.773,0.7,0.7,0.579,0.833,0.75,0.722,0.75,0.7,0.5,0.9,0.682,0.636,0.75,0.8,0.737,0.75,0.632,0.769,0.727,0.65,0.773,0.75,0.474,0.667,0.682,0.7,0.81,0.765,0.611,0.429,0.722,0.8,0.95,0.75,0.55,0.75,0.529,0.647,0.75,0.7,0.7,0.625,0.7,0.55,0.75,0.81,0.7,0.611
Cluster_5540.mature::Porites_evermani_scaffold_430:205886-205909(-), , , , , , , , , , , , , , , , , , , , , , , , , , , , , , , , , , , , , , , , , , , , , , , , , , , , ,0.722,0.5,0.571,0.722,0.533,0.778,0.778,0.727,0.667,0.667,0.6,0.538,0.875,0.875,0.875,0.5,0.611,0.6,0.667,0.563,0.625,0.556,0.571,0.474,0.6,0.667,0.65,0.778,0.5,0.722,0.667,0.625,0.813,0.529,0.833,0.538,0.722,0.789,0.75,0.438,0.667,0.706,0.833,0.778,0.667,0.563,0.667,0.867,0.571,0.7,0.476,0.6,0.556,0.389,0.778,0.667,0.667,0.667,0.75,0.778,0.833,0.833,0.591,0.722,0.688,0.556,0.733,0.389,0.45
Cluster_5636.mature::Porites_evermani_scaffold_442:239762-239784(-), , , , , , , , , , , , , , , , , , , , , , , , , , , , , , , , , , , , , , , , , , , , , , , , , , , , , ,0.385,0.632,0.727,0.684,0.727,0.667,0.611,0.636,0.636,0.75,0.824,0.75,0.75,0.75,0.591,0.727,0.684,0.818,0.75,0.75,0.682,0.611,0.714,0.75,0.727,0.85,0.818,0.773,0.773,0.636,0.6,0.8,0.571,0.818,0.706,0.682,0.667,0.533,0.65,0.591,0.667,0.864,0.667,0.636,0.65,0.727,0.737,0.684,0.7,0.563,0.7,0.727,0.818,0.818,0.636,0.591,0.632,0.684,0.591,0.636,0.636,0.667,0.545,0.7,0.682,0.579,0.909,0.7
Cluster_5849.mature::Porites_evermani_scaffold_461:215507-215529(+), , , , , , , , , , , , , , , , , , , , , , , , , , , , , , , , , , , , , , , , , , , , , , , , , , , , , , ,0.438,0.769,0.6,0.769,0.538,0.412,0.615,0.615,0.4,0.375,0.636,0.636,0.636,0.538,0.538,0.6,0.769,0.545,0.545,0.692,0.556,0.5,0.733,0.615,0.667,0.769,0.692,0.769,0.538,0.455,0.636,0.5,0.923,0.375,0.846,0.5,0.65,0.364,0.385,0.5,0.923,0.538,0.615,0.545,0.615,0.5,0.813,0.467,0.474,0.667,0.615,0.538,0.769,0.538,0.615,0.313,0.4,0.769,0.692,0.615,0.588,0.692,0.727,0.538,0.8,0.462,0.467
Cluster_6211.mature::Porites_evermani_scaffold_502:58996-59018(-), , , , , , , , , , , , , , , , , , , , , , , , , , , , , , , , , , , , , , , , , , , , , , , , , , , , , , , ,0.632,0.688,0.632,0.737,0.619,0.684,0.684,0.762,0.571,0.706,0.706,0.706,0.632,0.579,0.667,0.789,0.471,0.588,0.579,0.8,0.5,0.524,0.684,0.714,0.789,0.579,0.789,0.632,0.471,0.765,0.556,0.579,0.643,0.895,0.8,0.556,0.529,0.737,0.667,0.842,0.737,0.684,0.647,0.684,0.688,0.636,0.762,0.579,0.667,0.526,0.579,0.789,0.684,0.632,0.682,0.714,0.632,0.789,0.842,0.571,0.632,0.824,0.632,0.625,0.684,0.667
Cluster_6865.mature::Porites_evermani_scaffold_590:199157-199179(+), , , , , , , , , , , , , , , , , , , , , , , , , , , , , , , , , , , , , , , , , , , , , , , , , , , , , , , , ,0.526,0.045,0.714,0.778,0.818,0.818,0.65,0.588,0.9,0.9,0.85,0.727,0.818,0.789,0.682,0.7,0.8,0.682,0.833,0.762,0.7,0.864,0.45,0.864,0.682,0.591,0.818,0.75,0.7,0.714,0.682,0.824,0.818,0.905,0.533,0.6,0.727,0.81,0.773,0.714,0.636,0.65,0.773,0.947,0.842,0.85,0.563,0.65,0.636,0.727,0.864,0.773,0.636,0.789,0.789,0.727,0.682,0.682,0.778,0.773,0.65,0.818,0.632,0.773,0.7
Cluster_6866.mature::Porites_evermani_scaffold_590:199391-199413(+), , , , , , , , , , , , , , , , , , , , , , , , , , , , , , , , , , , , , , , , , , , , , , , , , , , , , , , , , ,0.579,0.667,0.6,0.737,0.737,0.412,0.6,0.8,0.85,0.85,0.526,0.632,0.625,0.789,0.714,0.571,0.579,0.619,0.444,0.529,0.632,0.824,0.842,0.579,0.632,0.684,0.524,0.81,0.632,0.737,0.7,0.789,0.611,0.583,0.571,0.684,0.762,0.579,0.667,0.65,0.714,0.684,0.714,0.625,0.824,0.615,0.588,0.684,0.684,0.842,0.368,0.684,0.75,0.875,0.684,0.579,0.526,0.6,0.737,0.579,0.789,0.524,0.684,0.765
Cluster_6867.mature::Porites_evermani_scaffold_590:199854-199876(+), , , , , , , , , , , , , , , , , , , , , , , , , , , , , , , , , , , , , , , , , , , , , , , , , , , , , , , , , , ,0.714,0.722,0.773,0.773,0.65,0.647,0.85,0.85,0.8,0.727,0.864,0.842,0.636,0.65,0.75,0.636,0.833,0.81,0.7,0.909,0.45,0.864,0.727,0.591,0.818,0.8,0.7,0.762,0.682,0.824,0.818,0.905,0.533,0.65,0.773,0.81,0.773,0.714,0.636,0.7,0.773,0.895,0.842,0.85,0.563,0.65,0.682,0.727,0.864,0.773,0.636,0.737,0.737,0.727,0.636,0.636,0.778,0.773,0.6,0.818,0.632,0.773,0.7
Cluster_6875.mature::Porites_evermani_scaffold_594:158229-158250(+), , , , , , , , , , , , , , , , , , , , , , , , , , , , , , , , , , , , , , , , , , , , , , , , , , , , , , , , , , , ,0.5,0.714,0.714,0.7,0.625,0.789,0.789,0.737,0.619,0.762,0.842,0.857,0.684,0.684,0.857,0.647,0.714,0.65,0.762,0.7,0.81,0.714,0.381,0.762,0.737,0.632,0.85,0.762,0.813,0.905,0.714,0.6,0.737,0.571,0.8,0.714,0,0.667,0.737,0.81,0.778,0.579,0.85,0.5,0.75,0.81,0.762,0.81,0.619,0.81,0.684,0.789,0.81,0.714,0.714,0.611,0.619,0.684,0.619,0.667,0.762,0.85
Cluster_7013.mature::Porites_evermani_scaffold_613:156504-156526(+), , , , , , , , , , , , , , , , , , , , , , , , , , , , , , , , , , , , , , , , , , , , , , , , , , , , , , , , , , , , ,0.556,0.556,0.65,0.538,0.5,0.5,0.438,0.5,0.556,0.5,0.833,0.5,0.625,0.611,0.786,0.526,0.75,0.556,0.8,0.889,0.722,0.667,0.722,0.438,0.5,0.647,0.778,0.692,0.889,0.526,0.684,0.5,0.611,0.647,0.778,0.5,0.556,0.688,0.722,0.4,0.81,0.65,0.65,0.65,0.611,0.611,0.889,0.611,0.611,0.381,0.5,0.722,0.556,0.5,0.636,0.611,0.625,0.667,0.8,0.722,0.85
Cluster_7604.mature::Porites_evermani_scaffold_730:81384-81406(-), , , , , , , , , , , , , , , , , , , , , , , , , , , , , , , , , , , , , , , , , , , , , , , , , , , , , , , , , , , , , ,0,0.7,0.647,0.6,0.6,0.6,0.727,0.591,0.684,0.5,0.55,0.75,0.591,0.667,0.619,0.75,0.545,0.75,0.773,0.773,0.636,0.818,0.45,0.8,0.667,0.818,0.824,0.727,0.714,0.733,0.7,0.727,0.81,0.773,0.714,0.545,0.5,0.773,0.579,0.684,0.65,0.5,0.6,0.636,0.818,0.773,0.727,0.682,0.632,0.684,0.636,0.727,0.727,0.556,0.545,0.65,0.727,0.842,0.682,0.8
Cluster_7605.mature::Porites_evermani_scaffold_730:82422-82444(-), , , , , , , , , , , , , , , , , , , , , , , , , , , , , , , , , , , , , , , , , , , , , , , , , , , , , , , , , , , , , , ,0.7,0.647,0.6,0.6,0.6,0.727,0.591,0.684,0.5,0.55,0.75,0.591,0.667,0.619,0.75,0.545,0.75,0.773,0.773,0.636,0.818,0.45,0.8,0.667,0.818,0.824,0.727,0.714,0.733,0.7,0.727,0.81,0.773,0.714,0.545,0.5,0.773,0.579,0.684,0.65,0.5,0.6,0.636,0.818,0.773,0.727,0.682,0.632,0.684,0.636,0.727,0.727,0.556,0.545,0.65,0.727,0.842,0.682,0.8
Cluster_7804.mature::Porites_evermani_scaffold_768:138024-138046(+), , , , , , , , , , , , , , , , , , , , , , , , , , , , , , , , , , , , , , , , , , , , , , , , , , , , , , , , , , , , , , , ,0.733,0.778,0.778,0.778,0.7,0.7,0.762,0.65,0.611,0.667,0.8,0.75,0.667,0.591,0.75,0.545,0.7,0.75,0.65,0.8,0.667,0.667,0.737,0.6,0.6,0.7,0.619,0.765,0.556,0.65,0.684,0.65,0.7,0.65,0.611,0.7,0.706,0.81,0.727,0.556,0.5,0.65,0.7,0.7,0.5,0.7,0.619,0.667,0.75,0.85,0.8,0.6,0.85,0.667,0.65,0.824,0.45,0.636
Cluster_8571.mature::Porites_evermani_scaffold_866:22853-22875(-), , , , , , , , , , , , , , , , , , , , , , , , , , , , , , , , , , , , , , , , , , , , , , , , , , , , , , , , , , , , , , , , ,0.611,0.667,0.667,0.706,0.765,0.5,0.765,0.789,0.737,0.706,0.667,0.563,0.667,0.824,0.533,0.765,0.529,0.529,0.706,0.474,0.684,0.588,0.765,0.591,0.706,0.875,0.7,0.368,0.588,0.579,0.529,0.625,0.722,0.579,0.647,0.632,0.786,0.4,0.455,0.733,0.588,0.647,0.765,0.647,0.706,0.5,0.643,0.941,0.765,0.706,0.615,0.706,0.706,0.588,0.842,0.529,0.667
Cluster_8824.mature::Porites_evermani_scaffold_910:99254-99275(+), , , , , , , , , , , , , , , , , , , , , , , , , , , , , , , , , , , , , , , , , , , , , , , , , , , , , , , , , , , , , , , , , ,0.048,0.095,0.8,0.7,0.588,0.7,0.524,0.905,0.7,0.684,0.737,0.889,0.7,0.722,0.75,0.75,0.75,0.8,0.619,0.667,0.6,0.75,0.667,0.8,0.632,0.692,0.762,0.65,0.571,0.7,0.789,0.667,0.714,0.85,0.1,0.824,0.556,0.643,0.778,0.75,0.6,0.75,0.75,0.65,0.471,0.412,0.75,0.8,0.75,0.75,0.75,0.789,0.8,0.8,0.7,0.833
Cluster_8827.mature::Porites_evermani_scaffold_910:118741-118762(+), , , , , , , , , , , , , , , , , , , , , , , , , , , , , , , , , , , , , , , , , , , , , , , , , , , , , , , , , , , , , , , , , , ,0.048,0.8,0.7,0.588,0.7,0.571,0.905,0.7,0.632,0.737,0.889,0.7,0.722,0.75,0.75,0.75,0.8,0.571,0.667,0.6,0.75,0.722,0.8,0.632,0.692,0.81,0.65,0.619,0.7,0.789,0.667,0.762,0.85,0.15,0.824,0.556,0.643,0.778,0.75,0.6,0.75,0.75,0.65,0.471,0.412,0.75,0.8,0.75,0.75,0.75,0.737,0.8,0.75,0.7,0.833
Cluster_8828.mature::Porites_evermani_scaffold_910:139352-139373(+), , , , , , , , , , , , , , , , , , , , , , , , , , , , , , , , , , , , , , , , , , , , , , , , , , , , , , , , , , , , , , , , , , , ,0.8,0.7,0.588,0.7,0.571,0.857,0.75,0.632,0.737,0.889,0.7,0.722,0.75,0.75,0.7,0.75,0.571,0.667,0.6,0.7,0.722,0.8,0.632,0.615,0.81,0.65,0.571,0.75,0.737,0.619,0.762,0.85,0.15,0.824,0.611,0.643,0.778,0.8,0.55,0.75,0.75,0.7,0.412,0.353,0.75,0.75,0.7,0.75,0.75,0.684,0.8,0.75,0.7,0.833
Cluster_8920.mature::Porites_evermani_scaffold_942:133697-133719(+), , , , , , , , , , , , , , , , , , , , , , , , , , , , , , , , , , , , , , , , , , , , , , , , , , , , , , , , , , , , , , , , , , , , ,0.682,0.474,0.636,0.7,0.6,0.636,0.611,0.619,0.6,0.682,0.65,0.773,0.591,0.727,0.727,0.65,0.7,0.714,0.909,0.529,0.773,0.714,0.6,0.5,0.682,0.619,0.818,0.619,0.545,0.8,0.636,0.737,0.579,0.7,0.563,0.65,0.5,0.591,0.773,0.591,0.591,0.737,0.737,0.591,0.727,0.727,0.556,0.682,0.75,0.636,0.632,0.727,0.6
Cluster_9077.mature::Porites_evermani_scaffold_984:51882-51904(-), , , , , , , , , , , , , , , , , , , , , , , , , , , , , , , , , , , , , , , , , , , , , , , , , , , , , , , , , , , , , , , , , , , , , ,0.474,0.727,0.55,0.65,0.773,0.722,0.524,0.7,0.227,0.75,0.773,0.5,0.818,0.682,0.6,0.75,0.667,0.773,0.765,0.864,0.619,0.8,0.75,0.727,0.81,0.682,0.762,0.5,0.7,0.773,0.632,0.684,0.8,0.625,0.5,0.591,0.591,0.773,0.682,0.591,0.684,0.684,0.682,0.545,0.545,0.5,0.682,0.75,0.727,0.789,0.727,0.75
Cluster_9915.mature::Porites_evermani_scaffold_1128:125547-125568(-), , , , , , , , , , , , , , , , , , , , , , , , , , , , , , , , , , , , , , , , , , , , , , , , , , , , , , , , , , , , , , , , , , , , , , ,0.737,0.588,0.706,0.684,0.667,0.6,0.762,0.526,0.619,0.632,0.737,0.789,0.737,0.471,0.588,0.5,0.895,0.714,0.737,0.5,0.765,0.412,0.684,0.667,0.684,0.842,0.526,0.765,0.632,0.5,0.667,0.619,0.667,0.667,0.474,0.474,0.632,0.632,0.789,0.667,0.571,0.684,0.737,0.684,0.65,0.474,0.765,0.632,0.75,0.579,0.667
Cluster_9991.mature::Porites_evermani_scaffold_1159:6701-6723(+), , , , , , , , , , , , , , , , , , , , , , , , , , , , , , , , , , , , , , , , , , , , , , , , , , , , , , , , , , , , , , , , , , , , , , , ,0.7,0.55,0.636,0.667,0.81,0.75,0.682,0.6,0.545,0.682,0.682,0.773,0.7,0.9,0.81,0.682,0.706,0.682,0.762,0.733,0.7,0.773,0.714,0.864,0.857,0.727,0.65,0.773,0.684,0.737,0.7,0.625,0.65,0.682,0.682,0.545,0.818,0.818,0.842,0.789,0.636,0.773,0.773,0.778,0.682,0.75,0.773,0.789,0.5,0.55
Cluster_9992.mature::Porites_evermani_scaffold_1159:7427-7449(+), , , , , , , , , , , , , , , , , , , , , , , , , , , , , , , , , , , , , , , , , , , , , , , , , , , , , , , , , , , , , , , , , , , , , , , , ,0.864,0.6,0.85,0.526,0.556,0.65,0.667,0.9,0.75,0.75,0.85,0.682,0.727,0.55,0.75,0.684,0.9,0.579,0.769,0.591,0.65,0.818,0.9,0.684,0.524,0.636,0.75,0.524,0.706,0.833,0.5,0.5,0.6,0.65,0.9,0.75,0.65,0.706,0.706,0.6,0.8,0.8,0.563,0.65,0.85,0.7,0.714,0.7,0.722
Cluster_10850.mature::Porites_evermani_scaffold_1415:72070-72092(+), , , , , , , , , , , , , , , , , , , , , , , , , , , , , , , , , , , , , , , , , , , , , , , , , , , , , , , , , , , , , , , , , , , , , , , , , ,0.55,0.6,0.684,0.611,0.6,0.722,0.7,0.7,0.75,0.55,0.773,0.909,0.9,0.7,0.684,0.9,0.737,0.692,0.591,0.75,0.636,0.8,0.684,0.762,0.909,0.8,0.81,0.529,0.833,0.714,0.667,0.65,0.65,0.7,0.7,0.85,0.706,0.706,0.75,0.35,0.4,0.688,0.8,0.6,0.75,0.762,0.65,0.722
Cluster_10882.mature::Porites_evermani_scaffold_1429:47284-47306(-), , , , , , , , , , , , , , , , , , , , , , , , , , , , , , , , , , , , , , , , , , , , , , , , , , , , , , , , , , , , , , , , , , , , , , , , , , ,0.667,0.571,0.65,0.773,0.75,0.909,0.545,0.773,0.682,0.6,0.95,0.762,0.682,0.706,0.818,0.714,0.933,0.6,0.636,0.667,0.864,0.857,0.682,0.75,0.727,0.789,0.526,0.65,0.625,0.75,0.545,0.636,0.909,0.636,0.636,0.579,0.632,0.727,0.545,0.591,0.778,0.591,0.6,0.864,0.474,0.727,0.65
Cluster_11045.mature::Porites_evermani_scaffold_1503:47579-47601(+), , , , , , , , , , , , , , , , , , , , , , , , , , , , , , , , , , , , , , , , , , , , , , , , , , , , , , , , , , , , , , , , , , , , , , , , , , , ,0.647,0.75,0.556,0.563,0.556,0.667,0.611,0.556,0.55,0.8,0.667,0.889,0.667,0.722,0.647,0.636,0.7,0.5,0.65,0.722,0.647,0.684,0.85,0.833,0.75,0.4,0.625,0.333,0.625,0.778,0.5,0.556,0.611,0.722,0.733,0.733,0.833,0.556,0.5,0.714,0.833,0.556,0.722,0.6,0.667,0.688
Cluster_11046.mature::Porites_evermani_scaffold_1503:47770-47792(+), , , , , , , , , , , , , , , , , , , , , , , , , , , , , , , , , , , , , , , , , , , , , , , , , , , , , , , , , , , , , , , , , , , , , , , , , , , , ,0.667,0.571,0.762,0.857,0.524,0.619,0.857,0.474,0.842,0.55,0.762,0.688,0.857,0.727,0.813,0.632,0.619,0.85,0.667,0.714,0.619,0.684,0.429,0.722,0.65,0.714,0.471,0.429,0.524,0.667,0.857,0.714,0.619,0.7,0.8,0.762,0.714,0.762,0.632,0.619,0.579,0.81,0.667,0.619,0.619
Cluster_11890.mature::Porites_evermani_scaffold_1732:76503-76525(+), , , , , , , , , , , , , , , , , , , , , , , , , , , , , , , , , , , , , , , , , , , , , , , , , , , , , , , , , , , , , , , , , , , , , , , , , , , , , ,0.7,0.682,0.85,0.6,0.7,0.7,0.611,0.833,0.789,0.6,0.733,0.65,0.81,0.824,0.556,0.85,0.895,0.65,0.65,0.65,0.722,0.75,0.824,0.619,0.773,0.667,0.773,0.6,0.75,0.85,0.7,0.75,0.81,0.905,0.65,0.8,0.8,0.6,0.6,0.667,0.7,0.706,0.75,0.727
Cluster_14130.mature::Porites_evermani_scaffold_2595:68590-68612(-), , , , , , , , , , , , , , , , , , , , , , , , , , , , , , , , , , , , , , , , , , , , , , , , , , , , , , , , , , , , , , , , , , , , , , , , , , , , , , ,0.7,0.864,0.636,0.818,0.636,0.5,0.8,0.762,0.818,0.765,0.909,0.619,0.8,0.75,0.682,0.905,0.727,0.762,0.636,0.75,0.773,0.632,0.632,0.8,0.688,0.65,0.773,0.591,0.864,0.727,0.682,0.737,0.737,0.773,0.545,0.545,0.556,0.636,0.8,0.773,0.789,0.818,0.75
Cluster_14362.mature::Porites_evermani_scaffold_2738:56884-56906(+), , , , , , , , , , , , , , , , , , , , , , , , , , , , , , , , , , , , , , , , , , , , , , , , , , , , , , , , , , , , , , , , , , , , , , , , , , , , , , , ,0.6,0.8,0.55,0.85,0.778,0.5,0.789,0.8,0.733,0.7,0.81,0.824,0.5,0.6,0.789,0.75,0.7,0.65,0.778,0.75,0.765,0.762,0.636,0.333,0.591,0.6,0.6,0.6,0.8,0.75,0.81,0.762,0.95,0.75,0.75,0.7,0.7,0.611,0.75,0.824,0.55,0.636
Cluster_14865.mature::Porites_evermani_scaffold_3072:29479-29501(+), , , , , , , , , , , , , , , , , , , , , , , , , , , , , , , , , , , , , , , , , , , , , , , , , , , , , , , , , , , , , , , , , , , , , , , , , , , , , , , , ,0.773,0.727,0.818,0.8,0.75,0.714,0.727,0.824,0.545,0.619,0.667,0.8,0.682,0.667,0.682,0.81,0.727,0.7,0.818,0.737,0.789,0.6,0.688,0.65,0.727,0.636,0,0.818,0.864,0.947,0.842,0.727,0.818,0.773,0.667,0.818,0.85,0.636,0.842,0.591,0.75
Cluster_15601.mature::Porites_evermani_scaffold_3707:36123-36145(-), , , , , , , , , , , , , , , , , , , , , , , , , , , , , , , , , , , , , , , , , , , , , , , , , , , , , , , , , , , , , , , , , , , , , , , , , , , , , , , , , ,0.636,0.773,0.65,0.85,0.619,0.636,0.588,0.727,0.857,0.933,0.7,0.682,0.762,0.818,0.714,0.682,0.65,0.773,0.789,0.474,0.65,0.688,0.55,0.545,0.545,0.773,0.727,0.545,0.684,0.789,0.818,0.682,0.727,0.722,0.773,0.7,0.727,0.684,0.682,0.65
Cluster_15760.mature::Porites_evermani_scaffold_3893:3848-3870(-), , , , , , , , , , , , , , , , , , , , , , , , , , , , , , , , , , , , , , , , , , , , , , , , , , , , , , , , , , , , , , , , , , , , , , , , , , , , , , , , , , ,0.909,0.75,0.6,0.714,0.682,0.882,0.591,0.81,0.6,0.75,0.636,0.857,0.591,0.381,0.545,0.8,0.682,0.842,0.632,0.7,0.375,0.6,0.818,0.773,0.727,0.636,0.682,0.684,0.789,0.773,0.727,0.727,0.667,0.727,0.6,0.818,0.579,0.545,0.65
Cluster_16267.mature::Porites_evermani_scaffold_4805:3257-3279(-), , , , , , , , , , , , , , , , , , , , , , , , , , , , , , , , , , , , , , , , , , , , , , , , , , , , , , , , , , , , , , , , , , , , , , , , , , , , , , , , , , , ,0.55,0.75,0.81,0.727,0.588,0.773,0.667,0.733,0.7,0.727,0.619,0.818,0.762,0.864,0.85,0.864,0.737,0.632,0.6,0.875,0.9,0.909,0.5,0.818,0.591,0.773,0.632,0.684,0.682,0.682,0.636,0.722,0.682,0.8,0.636,0.526,0.818,0.6
Cluster_16348.mature::Porites_evermani_scaffold_5010:12391-12413(+), , , , , , , , , , , , , , , , , , , , , , , , , , , , , , , , , , , , , , , , , , , , , , , , , , , , , , , , , , , , , , , , , , , , , , , , , , , , , , , , , , , , ,0.773,0.5,0.75,0.684,0.85,0.684,0.769,0.5,0.6,0.727,0.7,0.737,0.667,0.636,0.75,0.524,0.765,0.611,0.571,0.556,0.65,0.7,0.8,0.55,0.65,0.588,0.706,0.65,0.8,0.75,0.438,0.6,0.65,0.55,0.619,0.7,0.667
Cluster_19.mature::Pocillopora_meandrina_HIv1_Sc0000000:818048-818070(+), , , , , , , , , , , , , , , , , , , , , , , , , , , , , , , , , , , , , , , , , , , , , , , , , , , , , , , , , , , , , , , , , , , , , , , , , , , , , , , , , , , , , ,0.75,0.8,0.737,0.7,0.632,0.615,0.545,0.75,0.727,0.7,0.632,0.81,0.818,0.65,0.714,0.765,0.667,0.643,0.722,0.85,0.85,0.75,0.7,0.8,0.588,0.647,0.85,0.7,0.65,0.75,0.7,0.7,0.55,0.714,0.75,0.778
Cluster_34.mature::Pocillopora_meandrina_HIv1_Sc0000000:2872040-2872061(+), , , , , , , , , , , , , , , , , , , , , , , , , , , , , , , , , , , , , , , , , , , , , , , , , , , , , , , , , , , , , , , , , , , , , , , , , , , , , , , , , , , , , , ,0.905,0.588,0.619,0.6,0.643,0.55,0.619,0.667,0.714,0.85,0.429,0.65,0.714,0.579,0.778,0.684,0.6,0.474,0.571,0.667,0.714,0.762,0.571,0.833,0.833,0.714,0.857,0.81,0.647,0.714,0.789,0.619,0.737,0.571,0.579
Cluster_356.mature::Pocillopora_meandrina_HIv1_Sc0000000:20372468-20372490(-), , , , , , , , , , , , , , , , , , , , , , , , , , , , , , , , , , , , , , , , , , , , , , , , , , , , , , , , , , , , , , , , , , , , , , , , , , , , , , , , , , , , , , , ,0.765,0.773,0.81,0.733,0.75,0.909,0.81,0.773,0.762,0.773,0.75,0.682,0.842,0.842,0.85,0.813,0.75,0.727,0.773,0.727,0.682,0.909,0.789,0.842,0.864,0.682,0.727,0.722,0.727,0.8,0.909,0.842,0.682,0.85
Cluster_751.mature::Pocillopora_meandrina_HIv1_Sc0000001:19145787-19145809(+), , , , , , , , , , , , , , , , , , , , , , , , , , , , , , , , , , , , , , , , , , , , , , , , , , , , , , , , , , , , , , , , , , , , , , , , , , , , , , , , , , , , , , , , ,0.882,0.625,0.8,0.526,0.706,0.421,0.824,0.813,0.722,0.579,0.765,0.632,0.714,0.4,0.818,0.6,0.588,0.588,0.824,0.706,0.647,0.714,0.786,0.647,0.706,0.765,0.615,0.882,0.765,0.706,0.737,0.647,0.4
Cluster_912.mature::Pocillopora_meandrina_HIv1_Sc0000002:3841965-3841987(-), , , , , , , , , , , , , , , , , , , , , , , , , , , , , , , , , , , , , , , , , , , , , , , , , , , , , , , , , , , , , , , , , , , , , , , , , , , , , , , , , , , , , , , , , ,0.857,0.733,0.75,0.773,0.81,0.591,0.905,0.636,0.9,0.682,0.789,0.632,0.6,0.75,0.7,0.682,0.773,0.545,0.773,0.818,0.789,0.789,0.773,0.864,0.818,0.889,0.682,0.7,0.682,0.789,0.636,0.65
Cluster_1002.mature::Pocillopora_meandrina_HIv1_Sc0000002:10845743-10845765(-), , , , , , , , , , , , , , , , , , , , , , , , , , , , , , , , , , , , , , , , , , , , , , , , , , , , , , , , , , , , , , , , , , , , , , , , , , , , , , , , , , , , , , , , , , ,0.688,0.684,0.619,0.75,0.81,0.714,0.619,0.842,0.714,0.556,0.75,0.619,0.706,0.762,0.81,0.667,0.619,0.524,0.81,0.65,0.7,0.667,0.667,0.619,0.526,0.667,0.842,0.81,0.722,0.619,0.714
Cluster_1056.mature::Pocillopora_meandrina_HIv1_Sc0000002:15749309-15749331(+), , , , , , , , , , , , , , , , , , , , , , , , , , , , , , , , , , , , , , , , , , , , , , , , , , , , , , , , , , , , , , , , , , , , , , , , , , , , , , , , , , , , , , , , , , , ,0.769,0.8,0.571,0.667,0.6,0.467,0.692,0.6,0.75,0.778,0.824,0.667,0.765,0.867,0.733,0.667,0.8,0.8,0.722,0.706,0.667,0.667,0.667,0.632,0.733,0.769,0.667,0.583,0.8,0.824
Cluster_1069.mature::Pocillopora_meandrina_HIv1_Sc0000002:16106608-16106630(+), , , , , , , , , , , , , , , , , , , , , , , , , , , , , , , , , , , , , , , , , , , , , , , , , , , , , , , , , , , , , , , , , , , , , , , , , , , , , , , , , , , , , , , , , , , , ,0.65,0.682,0.8,0.737,0.619,0.591,0.7,0.714,0.824,0.667,0.571,0.556,0.5,0.7,0.8,0.55,0.75,0.588,0.647,0.8,0.7,0.65,0.563,0.75,0.8,0.55,0.857,0.5,0.722
Cluster_1108.mature::Pocillopora_meandrina_HIv1_Sc0000003:495116-495138(+), , , , , , , , , , , , , , , , , , , , , , , , , , , , , , , , , , , , , , , , , , , , , , , , , , , , , , , , , , , , , , , , , , , , , , , , , , , , , , , , , , , , , , , , , , , , , ,0.619,0.864,0.571,0.727,0.7,0.864,0.684,0.684,0.65,0.563,0.75,0.636,0.727,0.682,0.636,0.682,0.632,0.684,0.909,0.727,0.682,0.778,0.864,0.7,0.773,0.737,0.636,0.65
Cluster_1274.mature::Pocillopora_meandrina_HIv1_Sc0000003:10129533-10129556(-), , , , , , , , , , , , , , , , , , , , , , , , , , , , , , , , , , , , , , , , , , , , , , , , , , , , , , , , , , , , , , , , , , , , , , , , , , , , , , , , , , , , , , , , , , , , , , ,0.762,0.8,0.818,0.682,0.81,0.667,0.667,0.579,0.733,0.895,0.714,0.571,0.667,0.762,0.714,0.611,0.5,0.714,0.619,0.571,0.882,0.905,0.714,0.667,0.714,0.762,0.579
Cluster_1279.mature::Pocillopora_meandrina_HIv1_Sc0000003:10366054-10366076(+), , , , , , , , , , , , , , , , , , , , , , , , , , , , , , , , , , , , , , , , , , , , , , , , , , , , , , , , , , , , , , , , , , , , , , , , , , , , , , , , , , , , , , , , , , , , , , , ,0.714,0.727,0.8,0.5,0.789,0.789,0.6,0.75,0.65,0.773,0.864,0.682,0.727,0.727,0.789,0.842,0.727,0.773,0.727,0.778,0.727,0.7,0.591,0.684,0.682,0.8
Cluster_1783.mature::Pocillopora_meandrina_HIv1_Sc0000005:601625-601646(+), , , , , , , , , , , , , , , , , , , , , , , , , , , , , , , , , , , , , , , , , , , , , , , , , , , , , , , , , , , , , , , , , , , , , , , , , , , , , , , , , , , , , , , , , , , , , , , , ,0.667,0.737,0.81,0.778,0.579,0.85,0.5,0.75,0.81,0.762,0.81,0.619,0.81,0.684,0.789,0.81,0.714,0.714,0.611,0.619,0.684,0.619,0.667,0.762,0.85
Cluster_1922.mature::Pocillopora_meandrina_HIv1_Sc0000005:10385518-10385541(+), , , , , , , , , , , , , , , , , , , , , , , , , , , , , , , , , , , , , , , , , , , , , , , , , , , , , , , , , , , , , , , , , , , , , , , , , , , , , , , , , , , , , , , , , , , , , , , , , ,0.714,0.773,0.6,0.789,0.8,0.5,0.4,0.5,0.636,0.727,0.636,0.591,0.684,0.632,0.636,0.682,0.682,0.444,0.682,0.667,0.773,0.8,0.591,0.75
Cluster_1940.mature::Pocillopora_meandrina_HIv1_Sc0000005:11260781-11260803(+), , , , , , , , , , , , , , , , , , , , , , , , , , , , , , , , , , , , , , , , , , , , , , , , , , , , , , , , , , , , , , , , , , , , , , , , , , , , , , , , , , , , , , , , , , , , , , , , , , ,0.8,0.714,0.882,0.667,0.786,0.667,0.75,0.7,0.7,0.8,0.65,0.647,0.647,0.7,0.9,0.9,0.5,0.75,0.8,0.65,0.905,0.7,0.778
Cluster_1941.mature::Pocillopora_meandrina_HIv1_Sc0000005:11261377-11261399(+), , , , , , , , , , , , , , , , , , , , , , , , , , , , , , , , , , , , , , , , , , , , , , , , , , , , , , , , , , , , , , , , , , , , , , , , , , , , , , , , , , , , , , , , , , , , , , , , , , , ,0.895,0.789,0.65,0.688,0.7,0.773,0.864,0.818,0.682,0.773,0.684,0.737,0.864,0.682,0.727,0.667,0.545,0.75,0.636,0.684,0.636,0.65
Cluster_2786.mature::Pocillopora_meandrina_HIv1_Sc0000008:1783823-1783844(+), , , , , , , , , , , , , , , , , , , , , , , , , , , , , , , , , , , , , , , , , , , , , , , , , , , , , , , , , , , , , , , , , , , , , , , , , , , , , , , , , , , , , , , , , , , , , , , , , , , , ,0.875,0.588,0.769,0.647,0.684,0.579,0.737,0.684,0.684,0.438,0.375,0.632,0.842,0.789,0.667,0.737,0.737,0.789,0.857,0.684,0.824
Cluster_2830.mature::Pocillopora_meandrina_HIv1_Sc0000008:3576441-3576463(+), , , , , , , , , , , , , , , , , , , , , , , , , , , , , , , , , , , , , , , , , , , , , , , , , , , , , , , , , , , , , , , , , , , , , , , , , , , , , , , , , , , , , , , , , , , , , , , , , , , , , ,0.762,0.579,0.667,0.737,0.474,0.789,0.789,0.737,0.773,0.762,0.737,0.579,0.632,0.81,0.526,0.588,0.579,0.5,0.737,0.619
Cluster_2832.mature::Pocillopora_meandrina_HIv1_Sc0000008:3619362-3619384(-), , , , , , , , , , , , , , , , , , , , , , , , , , , , , , , , , , , , , , , , , , , , , , , , , , , , , , , , , , , , , , , , , , , , , , , , , , , , , , , , , , , , , , , , , , , , , , , , , , , , , , ,0.722,0.727,0.65,0.6,0.6,0.7,0.6,0.524,0.619,0.7,0.8,0.75,0.8,0.75,0.833,0.7,0.824,0.6,0.636
Cluster_2852.mature::Pocillopora_meandrina_HIv1_Sc0000008:5387759-5387781(-), , , , , , , , , , , , , , , , , , , , , , , , , , , , , , , , , , , , , , , , , , , , , , , , , , , , , , , , , , , , , , , , , , , , , , , , , , , , , , , , , , , , , , , , , , , , , , , , , , , , , , , ,0.5,0.688,0.563,0.688,0.75,0.563,0.684,0.778,0.813,0.625,0.625,0.55,0.563,0.5,0.563,0.538,0.5,0.5
Cluster_2970.mature::Pocillopora_meandrina_HIv1_Sc0000009:3894921-3894943(-), , , , , , , , , , , , , , , , , , , , , , , , , , , , , , , , , , , , , , , , , , , , , , , , , , , , , , , , , , , , , , , , , , , , , , , , , , , , , , , , , , , , , , , , , , , , , , , , , , , , , , , , ,0.45,0.65,0.65,0.7,0.45,0.762,0.81,0.65,0.75,0.8,0.6,0.8,0.556,0.6,0.824,0.5,0.773
Cluster_3397.mature::Pocillopora_meandrina_HIv1_Sc0000010:8012937-8012959(+), , , , , , , , , , , , , , , , , , , , , , , , , , , , , , , , , , , , , , , , , , , , , , , , , , , , , , , , , , , , , , , , , , , , , , , , , , , , , , , , , , , , , , , , , , , , , , , , , , , , , , , , , ,0.682,0.727,0.773,0.636,0.789,0.789,0.727,0.818,0.864,0.778,0.727,0.65,0.818,0.895,0.636,0.75
Cluster_3670.mature::Pocillopora_meandrina_HIv1_Sc0000012:6455204-6455226(+), , , , , , , , , , , , , , , , , , , , , , , , , , , , , , , , , , , , , , , , , , , , , , , , , , , , , , , , , , , , , , , , , , , , , , , , , , , , , , , , , , , , , , , , , , , , , , , , , , , , , , , , , , ,0.636,0.773,0.636,0.632,0.526,0.773,0.682,0.636,0.667,0.727,0.85,0.682,0.737,0.591,0.55
Cluster_4059.mature::Pocillopora_meandrina_HIv1_Sc0000014:2366059-2366081(-), , , , , , , , , , , , , , , , , , , , , , , , , , , , , , , , , , , , , , , , , , , , , , , , , , , , , , , , , , , , , , , , , , , , , , , , , , , , , , , , , , , , , , , , , , , , , , , , , , , , , , , , , , , ,0.818,0.864,0.947,0.842,0.727,0.818,0.773,0.667,0.818,0.85,0.636,0.842,0.591,0.75
Cluster_4060.mature::Pocillopora_meandrina_HIv1_Sc0000014:2594791-2594813(+), , , , , , , , , , , , , , , , , , , , , , , , , , , , , , , , , , , , , , , , , , , , , , , , , , , , , , , , , , , , , , , , , , , , , , , , , , , , , , , , , , , , , , , , , , , , , , , , , , , , , , , , , , , , ,0.682,0.526,0.632,0.682,0.773,0.727,0.556,0.773,0.75,0.818,0.632,0.545,0.85
Cluster_4142.mature::Pocillopora_meandrina_HIv1_Sc0000014:9365480-9365502(-), , , , , , , , , , , , , , , , , , , , , , , , , , , , , , , , , , , , , , , , , , , , , , , , , , , , , , , , , , , , , , , , , , , , , , , , , , , , , , , , , , , , , , , , , , , , , , , , , , , , , , , , , , , , , ,0.632,0.737,0.682,0.727,0.727,0.611,0.773,0.65,0.682,0.632,0.682,0.7
Cluster_4466.mature::Pocillopora_meandrina_HIv1_Sc0000016:7549578-7549600(+), , , , , , , , , , , , , , , , , , , , , , , , , , , , , , , , , , , , , , , , , , , , , , , , , , , , , , , , , , , , , , , , , , , , , , , , , , , , , , , , , , , , , , , , , , , , , , , , , , , , , , , , , , , , , , ,0.095,0.789,0.684,0.632,0.714,0.737,0.529,0.684,0.813,0.579,0.762
Cluster_4468.mature::Pocillopora_meandrina_HIv1_Sc0000016:7550614-7550635(+), , , , , , , , , , , , , , , , , , , , , , , , , , , , , , , , , , , , , , , , , , , , , , , , , , , , , , , , , , , , , , , , , , , , , , , , , , , , , , , , , , , , , , , , , , , , , , , , , , , , , , , , , , , , , , , ,0.737,0.684,0.632,0.8,0.789,0.647,0.737,0.875,0.632,0.762
Cluster_4469.mature::Pocillopora_meandrina_HIv1_Sc0000016:7553303-7553325(+), , , , , , , , , , , , , , , , , , , , , , , , , , , , , , , , , , , , , , , , , , , , , , , , , , , , , , , , , , , , , , , , , , , , , , , , , , , , , , , , , , , , , , , , , , , , , , , , , , , , , , , , , , , , , , , , ,0.864,0.864,0.722,0.773,0.9,0.727,0.526,0.818,0.65
Cluster_4470.mature::Pocillopora_meandrina_HIv1_Sc0000016:7555691-7555713(+), , , , , , , , , , , , , , , , , , , , , , , , , , , , , , , , , , , , , , , , , , , , , , , , , , , , , , , , , , , , , , , , , , , , , , , , , , , , , , , , , , , , , , , , , , , , , , , , , , , , , , , , , , , , , , , , , ,0.045,0.778,0.727,0.6,0.864,0.684,0.909,0.85
Cluster_4471.mature::Pocillopora_meandrina_HIv1_Sc0000016:7556379-7556401(+), , , , , , , , , , , , , , , , , , , , , , , , , , , , , , , , , , , , , , , , , , , , , , , , , , , , , , , , , , , , , , , , , , , , , , , , , , , , , , , , , , , , , , , , , , , , , , , , , , , , , , , , , , , , , , , , , , ,0.778,0.727,0.65,0.818,0.684,0.864,0.85
Cluster_4599.mature::Pocillopora_meandrina_HIv1_Sc0000017:5050958-5050980(-), , , , , , , , , , , , , , , , , , , , , , , , , , , , , , , , , , , , , , , , , , , , , , , , , , , , , , , , , , , , , , , , , , , , , , , , , , , , , , , , , , , , , , , , , , , , , , , , , , , , , , , , , , , , , , , , , , , ,0.667,0.75,0.5,0.733,0.611,0.7
Cluster_4778.mature::Pocillopora_meandrina_HIv1_Sc0000018:4564905-4564927(+), , , , , , , , , , , , , , , , , , , , , , , , , , , , , , , , , , , , , , , , , , , , , , , , , , , , , , , , , , , , , , , , , , , , , , , , , , , , , , , , , , , , , , , , , , , , , , , , , , , , , , , , , , , , , , , , , , , , ,0.7,0.636,0.474,0.773,0.7
Cluster_4846.mature::Pocillopora_meandrina_HIv1_Sc0000018:6855520-6855542(+), , , , , , , , , , , , , , , , , , , , , , , , , , , , , , , , , , , , , , , , , , , , , , , , , , , , , , , , , , , , , , , , , , , , , , , , , , , , , , , , , , , , , , , , , , , , , , , , , , , , , , , , , , , , , , , , , , , , , ,0.75,0.684,0.7,0.722
Cluster_5275.mature::Pocillopora_meandrina_HIv1_Sc0000021:4351838-4351860(+), , , , , , , , , , , , , , , , , , , , , , , , , , , , , , , , , , , , , , , , , , , , , , , , , , , , , , , , , , , , , , , , , , , , , , , , , , , , , , , , , , , , , , , , , , , , , , , , , , , , , , , , , , , , , , , , , , , , , , ,0.684,0.682,0.6
Cluster_5642.mature::Pocillopora_meandrina_HIv1_Sc0000024:4808687-4808708(+), , , , , , , , , , , , , , , , , , , , , , , , , , , , , , , , , , , , , , , , , , , , , , , , , , , , , , , , , , , , , , , , , , , , , , , , , , , , , , , , , , , , , , , , , , , , , , , , , , , , , , , , , , , , , , , , , , , , , , , ,0.895,0.529
Cluster_5770.mature::Pocillopora_meandrina_HIv1_Sc0000026:1154771-1154793(-), , , , , , , , , , , , , , , , , , , , , , , , , , , , , , , , , , , , , , , , , , , , , , , , , , , , , , , , , , , , , , , , , , , , , , , , , , , , , , , , , , , , , , , , , , , , , , , , , , , , , , , , , , , , , , , , , , , , , , , , ,0.55
Cluster_6429.mature::Pocillopora_meandrina_HIv1_Sc0000035:1989841-1989863(+)

Table. Estimates of Evolutionary Divergence between Sequences 
The number of base differences per site from between sequences are shown. The analysis involved 121 nucleotide sequences. All ambiguous positions were removed for each sequence pair. There were a total of 43 positions in the final dataset. Evolutionary analyses were conducted in MEGA7 [1]. 


1. Kumar S., Stecher G., and Tamura K. (2016). MEGA7: Molecular Evolutionary Genetics Analysis version 7.0 for bigger datasets.Molecular Biology and Evolution 33:1870-1874.
Disclaimer: Although utmost care has been taken to ensure the correctness of the caption, the caption text is provided "as is" without any warranty of any kind. Authors advise the user to carefully check the caption prior to its use for any purpose and report any errors or problems to the authors immediately (www.megasoftware.net). In no event shall the authors and their employers be liable for any damages, including but not limited to special, consequential, or other damages. Authors specifically disclaim all other warranties expressed or implied, including but not limited to the determination of suitability of this caption text for a specific purpose, use, or application. 