Treatment,FragmentID,Module,Mean
Control,PV_28,ME33,0.18593580618310165
Control,PV_27,ME33,0.054783947902095974
Control,PV_26,ME33,-0.19848748216871834
Control,PV_25,ME33,0.13169739773302147
Control,PV_24,ME33,-0.05945605579956012
Control,PV_23,ME33,0.09389325818009998
Control,PV_22,ME33,-0.14492113226951875
Control,PV_21,ME33,-0.20670571290807824
Control,PV_20,ME33,-0.07137832216755555
Control,PV_19,ME33,0.027402410532763398
Control,PV_18,ME33,-0.10911427858908161
Control,PV_17,ME33,0.3887111204772703
Enriched,PV_16,ME33,-0.05153908339292488
Enriched,PV_15,ME33,-0.0351757434572519
Enriched,PV_14,ME33,-0.01681782065977902
Enriched,PV_13,ME33,-0.0356330709500127
Enriched,PV_12,ME33,0.033260378182632645
Enriched,PV_11,ME33,0.4270603398142566
Enriched,PV_10,ME33,0.39724987379480003
Enriched,PV_9,ME33,-0.31188008108839166
Enriched,PV_8,ME33,-0.19972982896666233
Enriched,PV_7,ME33,0.20074136821315275
Enriched,PV_6,ME33,-0.01939625855193292
Enriched,PV_5,ME33,-0.16130100721512142
Enriched,PV_4,ME33,-0.1237568162840136
Control,PV_32,ME33,-0.21414491077580225
Control,PV_31,ME33,0.05241424647247742
Control,PV_30,ME33,-0.004867440964176796
Control,PV_29,ME33,-0.17536127693311743
Enriched,PV_3,ME33,0.027398682763950404
Enriched,PV_2,ME33,-0.002175837542852987
Enriched,PV_1,ME33,0.12129333043493111
Control,PV_28,ME11,0.018715880834884322
Control,PV_27,ME11,0.164331285913864
Control,PV_26,ME11,-0.10910284383471533
Control,PV_25,ME11,0.09035031802838568
Control,PV_24,ME11,-0.1948565663149662
Control,PV_23,ME11,-0.14982213463683405
Control,PV_22,ME11,-0.16994470350622476
Control,PV_21,ME11,-0.29083070394905913
Control,PV_20,ME11,0.06267625417371
Control,PV_19,ME11,0.003228925296627777
Control,PV_18,ME11,0.13251723459781362
Control,PV_17,ME11,-0.1703955087342984
Enriched,PV_16,ME11,0.06201842941129361
Enriched,PV_15,ME11,-0.007592904814564345
Enriched,PV_14,ME11,0.22478559331630718
Enriched,PV_13,ME11,0.12663459208443684
Enriched,PV_12,ME11,-0.16183691611509238
Enriched,PV_11,ME11,0.1937946345676252
Enriched,PV_10,ME11,-0.19304116746544497
Enriched,PV_9,ME11,-0.3185718353327203
Enriched,PV_8,ME11,0.13954413608873698
Enriched,PV_7,ME11,0.21246636825010184
Enriched,PV_6,ME11,0.07215191676276878
Enriched,PV_5,ME11,0.31290653095906384
Enriched,PV_4,ME11,-0.14239642916412976
Control,PV_32,ME11,0.1941304917624676
Control,PV_31,ME11,-0.1235678985742298
Control,PV_30,ME11,-0.38996438048360105
Control,PV_29,ME11,-0.011416567253942638
Enriched,PV_3,ME11,0.18067815251678648
Enriched,PV_2,ME11,0.1225600043763189
Enriched,PV_1,ME11,0.11984981123863059
Control,PV_28,ME3,0.027707708285375693
Control,PV_27,ME3,0.12730166384080083
Control,PV_26,ME3,0.1704924682453416
Control,PV_25,ME3,-0.011373068055395294
Control,PV_24,ME3,-0.02548073706898939
Control,PV_23,ME3,-0.13643216654802007
Control,PV_22,ME3,-0.13672874817698663
Control,PV_21,ME3,-0.36398845954475845
Control,PV_20,ME3,0.01914529932894412
Control,PV_19,ME3,0.27211246985833554
Control,PV_18,ME3,-0.053542201652474544
Control,PV_17,ME3,0.1551069256713056
Enriched,PV_16,ME3,0.04035458584173156
Enriched,PV_15,ME3,-0.13637075918595026
Enriched,PV_14,ME3,-0.05884363681110139
Enriched,PV_13,ME3,0.10827371579867848
Enriched,PV_12,ME3,-0.09760093413530735
Enriched,PV_11,ME3,0.15271297260678998
Enriched,PV_10,ME3,-0.19709966610290874
Enriched,PV_9,ME3,-0.24560659765584864
Enriched,PV_8,ME3,-0.14789104626833316
Enriched,PV_7,ME3,0.11755135943405018
Enriched,PV_6,ME3,0.2516633688739255
Enriched,PV_5,ME3,0.34529232879904853
Enriched,PV_4,ME3,-0.20062407730429874
Control,PV_32,ME3,-0.09233251061103358
Control,PV_31,ME3,-0.02095128053203337
Control,PV_30,ME3,-0.32227246097725365
Control,PV_29,ME3,0.1291662693507871
Enriched,PV_3,ME3,0.0760787464512526
Enriched,PV_2,ME3,-0.08328878138637208
Enriched,PV_1,ME3,0.3374672496306992
Control,PV_28,ME14,0.24616728913075586
Control,PV_27,ME14,0.07124605679935811
Control,PV_26,ME14,0.10398816410227822
Control,PV_25,ME14,0.12136289431020005
Control,PV_24,ME14,0.2786370857665906
Control,PV_23,ME14,-0.1524119472237869
Control,PV_22,ME14,-0.21858347394063446
Control,PV_21,ME14,-0.4324678382631634
Control,PV_20,ME14,-0.030111980543557494
Control,PV_19,ME14,0.12630345063950488
Control,PV_18,ME14,-0.0024274131176522944
Control,PV_17,ME14,0.08493013007521719
Enriched,PV_16,ME14,0.11990242717671423
Enriched,PV_15,ME14,-0.09015130639951763
Enriched,PV_14,ME14,-0.06047359902252468
Enriched,PV_13,ME14,0.07201774457547806
Enriched,PV_12,ME14,-0.038617833474257644
Enriched,PV_11,ME14,0.10596109266451766
Enriched,PV_10,ME14,-0.03755517584638627
Enriched,PV_9,ME14,-0.3801182823884894
Enriched,PV_8,ME14,-0.12119267345260036
Enriched,PV_7,ME14,0.13218600483438017
Enriched,PV_6,ME14,0.12205886561252237
Enriched,PV_5,ME14,0.2218769627359986
Enriched,PV_4,ME14,-0.2639844717500605
Control,PV_32,ME14,-5.010857050355505e-4
Control,PV_31,ME14,-0.04086099975484686
Control,PV_30,ME14,-0.30290460335179864
Control,PV_29,ME14,0.24882919766345513
Enriched,PV_3,ME14,0.0326844253293583
Enriched,PV_2,ME14,-0.0866101488718086
Enriched,PV_1,ME14,0.17082104168978474
Control,PV_28,ME17,0.01755802824290863
Control,PV_27,ME17,0.4240162991999003
Control,PV_26,ME17,0.2981113617352767
Control,PV_25,ME17,-0.037861992430877685
Control,PV_24,ME17,-0.08535311375077079
Control,PV_23,ME17,-0.10340083062719127
Control,PV_22,ME17,-0.13547383934419807
Control,PV_21,ME17,-0.29412107153280787
Control,PV_20,ME17,0.08535306673731469
Control,PV_19,ME17,0.08466833807577505
Control,PV_18,ME17,-0.11434530949432044
Control,PV_17,ME17,0.07608084963221336
Enriched,PV_16,ME17,-0.08947947272611786
Enriched,PV_15,ME17,-0.0037037438718718614
Enriched,PV_14,ME17,0.1343935071925246
Enriched,PV_13,ME17,0.1542217808871776
Enriched,PV_12,ME17,-0.1312335857014731
Enriched,PV_11,ME17,0.31463452768425876
Enriched,PV_10,ME17,-0.2757632494918133
Enriched,PV_9,ME17,-0.21176797640799538
Enriched,PV_8,ME17,-0.07404487457237054
Enriched,PV_7,ME17,0.04463913721022632
Enriched,PV_6,ME17,-0.006768587918131994
Enriched,PV_5,ME17,0.3804851974109529
Enriched,PV_4,ME17,-0.18484209169033675
Control,PV_32,ME17,-0.007342437653545767
Control,PV_31,ME17,-0.027723696585255007
Control,PV_30,ME17,-0.2524445510331499
Control,PV_29,ME17,0.039015447428991046
Enriched,PV_3,ME17,-0.02945230760980209
Enriched,PV_2,ME17,-0.12248130506878925
Enriched,PV_1,ME17,0.1344264960733056
Control,PV_28,ME35,0.23495110311435777
Control,PV_27,ME35,0.2782410297087293
Control,PV_26,ME35,0.2155356975738889
Control,PV_25,ME35,0.22202081900510304
Control,PV_24,ME35,0.06543348721598928
Control,PV_23,ME35,-0.09769397019139049
Control,PV_22,ME35,-0.25506360115360466
Control,PV_21,ME35,-0.18074556338036116
Control,PV_20,ME35,-0.02235055156604894
Control,PV_19,ME35,-0.17796106180034932
Control,PV_18,ME35,-0.1070045681874961
Control,PV_17,ME35,0.03960106901563779
Enriched,PV_16,ME35,-0.11114153364895174
Enriched,PV_15,ME35,0.10609808449570338
Enriched,PV_14,ME35,0.1726954673958898
Enriched,PV_13,ME35,-0.020571852970379525
Enriched,PV_12,ME35,-0.21681870231748995
Enriched,PV_11,ME35,0.3899147023505477
Enriched,PV_10,ME35,-0.10975575391056729
Enriched,PV_9,ME35,-0.39602224098686356
Enriched,PV_8,ME35,0.014752006275162363
Enriched,PV_7,ME35,0.13464542433748444
Enriched,PV_6,ME35,-0.08301549948506708
Enriched,PV_5,ME35,0.24098676908501535
Enriched,PV_4,ME35,-0.09672626812397513
Control,PV_32,ME35,0.06917519287065597
Control,PV_31,ME35,-0.2398755436221466
Control,PV_30,ME35,-0.0957913306220975
Control,PV_29,ME35,0.1438356195153342
Enriched,PV_3,ME35,0.0015634851328917934
Enriched,PV_2,ME35,-0.08373905346752333
Enriched,PV_1,ME35,-0.03517286165807276
Control,PV_28,ME26,0.16190055405572473
Control,PV_27,ME26,0.32658186416357804
Control,PV_26,ME26,0.2285139610086825
Control,PV_25,ME26,-0.0647208268992344
Control,PV_24,ME26,-0.19066223337522376
Control,PV_23,ME26,-0.0590936232190905
Control,PV_22,ME26,-0.18021928458227726
Control,PV_21,ME26,0.03476667386736308
Control,PV_20,ME26,0.14657787464810568
Control,PV_19,ME26,-0.025779373681432616
Control,PV_18,ME26,-0.12455842546680063
Control,PV_17,ME26,0.02659627922686402
Enriched,PV_16,ME26,0.2535548386011707
Enriched,PV_15,ME26,0.23634657741639908
Enriched,PV_14,ME26,-0.16614040428486265
Enriched,PV_13,ME26,0.19259671767030942
Enriched,PV_12,ME26,0.17729090207422415
Enriched,PV_11,ME26,0.18171532279772093
Enriched,PV_10,ME26,-0.2862967141478263
Enriched,PV_9,ME26,-0.11326189809587445
Enriched,PV_8,ME26,-0.2257239045002124
Enriched,PV_7,ME26,0.1840692951767949
Enriched,PV_6,ME26,-0.32720466244179786
Enriched,PV_5,ME26,0.23317231986040954
Enriched,PV_4,ME26,-0.2442735285048478
Control,PV_32,ME26,0.049760074827618586
Control,PV_31,ME26,-0.026627793915173364
Control,PV_30,ME26,0.003756897667784349
Control,PV_29,ME26,-0.07020124897780318
Enriched,PV_3,ME26,-0.15987706158017273
Enriched,PV_2,ME26,-0.09671811280883649
Enriched,PV_1,ME26,-0.07584105658127563
Control,PV_28,ME46,0.259968543970875
Control,PV_27,ME46,0.21862406045795774
Control,PV_26,ME46,0.09137621191572293
Control,PV_25,ME46,0.20217102524889438
Control,PV_24,ME46,0.2756684081198288
Control,PV_23,ME46,3.472493917488282e-4
Control,PV_22,ME46,0.030933485081814878
Control,PV_21,ME46,-0.2803888296026288
Control,PV_20,ME46,-0.054284769650513945
Control,PV_19,ME46,0.02738771514312851
Control,PV_18,ME46,-0.06615968331300671
Control,PV_17,ME46,0.20616995565305435
Enriched,PV_16,ME46,0.1531824962772664
Enriched,PV_15,ME46,-0.03677555076152517
Enriched,PV_14,ME46,0.024319523450544254
Enriched,PV_13,ME46,0.09422651408463781
Enriched,PV_12,ME46,0.13627708766204463
Enriched,PV_11,ME46,0.1772964020179625
Enriched,PV_10,ME46,0.07784469279778942
Enriched,PV_9,ME46,-0.2816007522418556
Enriched,PV_8,ME46,-0.20984977818746192
Enriched,PV_7,ME46,0.10901523300198204
Enriched,PV_6,ME46,-0.28485535680747404
Enriched,PV_5,ME46,0.013536050255502955
Enriched,PV_4,ME46,-0.44593442675093536
Control,PV_32,ME46,-0.0243998131190557
Control,PV_31,ME46,-0.020259654697749367
Control,PV_30,ME46,-0.14684633067069808
Control,PV_29,ME46,0.17394821240873215
Enriched,PV_3,ME46,-0.2222200300291623
Enriched,PV_2,ME46,-0.12709997078839486
Enriched,PV_1,ME46,-0.07161792031902704
Control,PV_28,ME55,0.12034597828241068
Control,PV_27,ME55,0.24019703300231957
Control,PV_26,ME55,0.2965927773305826
Control,PV_25,ME55,0.0771216914682717
Control,PV_24,ME55,0.08191864896789586
Control,PV_23,ME55,0.03300962508572002
Control,PV_22,ME55,0.07396373328851855
Control,PV_21,ME55,-0.21271438942288315
Control,PV_20,ME55,0.08810768751356798
Control,PV_19,ME55,0.2764928352477608
Control,PV_18,ME55,0.00825171530570179
Control,PV_17,ME55,0.2509276204692163
Enriched,PV_16,ME55,0.1147695591115049
Enriched,PV_15,ME55,-0.11267481683029427
Enriched,PV_14,ME55,-0.059713228905741066
Enriched,PV_13,ME55,0.2685628614791294
Enriched,PV_12,ME55,0.014539298610014918
Enriched,PV_11,ME55,0.08653181603385399
Enriched,PV_10,ME55,-0.17756802665783222
Enriched,PV_9,ME55,-0.17979462074247143
Enriched,PV_8,ME55,-0.23535896523697464
Enriched,PV_7,ME55,0.013967901139605818
Enriched,PV_6,ME55,-0.29103795317380526
Enriched,PV_5,ME55,0.08199584717765053
Enriched,PV_4,ME55,-0.3907094306986488
Control,PV_32,ME55,-0.07082796779884316
Control,PV_31,ME55,0.019340801205802272
Control,PV_30,ME55,-0.26164268108264316
Control,PV_29,ME55,0.14569229694305882
Enriched,PV_3,ME55,-0.23243382956505212
Enriched,PV_2,ME55,-0.07841996240478775
Enriched,PV_1,ME55,0.01056614485739173
Control,PV_28,ME53,0.0032412723440758025
Control,PV_27,ME53,0.2947912644380076
Control,PV_26,ME53,-0.16809302609159643
Control,PV_25,ME53,0.03454250641109026
Control,PV_24,ME53,-0.1552559016405862
Control,PV_23,ME53,0.08319666580084002
Control,PV_22,ME53,0.1416394943651961
Control,PV_21,ME53,-0.08677159997105056
Control,PV_20,ME53,0.13505145325028436
Control,PV_19,ME53,0.010703348648907662
Control,PV_18,ME53,-0.059100003345962326
Control,PV_17,ME53,0.03836879901352469
Enriched,PV_16,ME53,0.20093731543217244
Enriched,PV_15,ME53,-0.14549998275622023
Enriched,PV_14,ME53,0.20920585491845756
Enriched,PV_13,ME53,0.26787108109725905
Enriched,PV_12,ME53,-0.028494518672974044
Enriched,PV_11,ME53,0.3853199113668325
Enriched,PV_10,ME53,-0.13849786631829825
Enriched,PV_9,ME53,-0.08173952753879535
Enriched,PV_8,ME53,-0.039790521839190705
Enriched,PV_7,ME53,0.15033942925146548
Enriched,PV_6,ME53,-0.005424399656926139
Enriched,PV_5,ME53,0.20217174212079564
Enriched,PV_4,ME53,-0.3459413640712253
Control,PV_32,ME53,0.09022098694831576
Control,PV_31,ME53,-0.07849161530303284
Control,PV_30,ME53,-0.37845935372790956
Control,PV_29,ME53,-0.12723020152429895
Enriched,PV_3,ME53,-0.1667905814599909
Enriched,PV_2,ME53,0.009181430411522069
Enriched,PV_1,ME53,-0.25120209190068993
Control,PV_28,ME57,0.19252497737500557
Control,PV_27,ME57,0.2878879522876209
Control,PV_26,ME57,0.03218456163553798
Control,PV_25,ME57,0.18112074490356606
Control,PV_24,ME57,0.010130629534438666
Control,PV_23,ME57,0.02000846929034045
Control,PV_22,ME57,0.036100992312150575
Control,PV_21,ME57,-0.24358187565116898
Control,PV_20,ME57,0.0662395539318555
Control,PV_19,ME57,-0.13631018766767436
Control,PV_18,ME57,0.033223185174215936
Control,PV_17,ME57,0.1275967383795855
Enriched,PV_16,ME57,0.1161895790102566
Enriched,PV_15,ME57,0.03493644769009911
Enriched,PV_14,ME57,0.22862060807987283
Enriched,PV_13,ME57,0.26243568792217137
Enriched,PV_12,ME57,-0.021982629120492446
Enriched,PV_11,ME57,0.26631348089629
Enriched,PV_10,ME57,-0.08596582769167992
Enriched,PV_9,ME57,-0.16409291475989066
Enriched,PV_8,ME57,-0.028844013323279807
Enriched,PV_7,ME57,0.16097307241693332
Enriched,PV_6,ME57,-0.27474082733477023
Enriched,PV_5,ME57,0.11785089414512012
Enriched,PV_4,ME57,-0.36151408428581816
Control,PV_32,ME57,0.12107105418603462
Control,PV_31,ME57,-0.18772626874594953
Control,PV_30,ME57,-0.2742342825779469
Control,PV_29,ME57,0.06026066273479468
Enriched,PV_3,ME57,-0.2088004368788481
Enriched,PV_2,ME57,-0.09357071905119808
Enriched,PV_1,ME57,-0.2743052248171635
Control,PV_28,ME31,0.08611897473841451
Control,PV_27,ME31,-0.038122958996158446
Control,PV_26,ME31,0.4890823983053699
Control,PV_25,ME31,0.028658218744275436
Control,PV_24,ME31,0.06696348367982256
Control,PV_23,ME31,-0.07318259625943259
Control,PV_22,ME31,0.06540968265234748
Control,PV_21,ME31,-0.07583609410167116
Control,PV_20,ME31,-0.06751600845670289
Control,PV_19,ME31,0.062004854818118446
Control,PV_18,ME31,-0.17047017184903154
Control,PV_17,ME31,0.03322156208305998
Enriched,PV_16,ME31,-0.11069322893755858
Enriched,PV_15,ME31,0.12809573008321953
Enriched,PV_14,ME31,0.009825742440769105
Enriched,PV_13,ME31,-0.2740515350967343
Enriched,PV_12,ME31,-0.06376263640321558
Enriched,PV_11,ME31,-0.09679918373445846
Enriched,PV_10,ME31,-0.07759069428029784
Enriched,PV_9,ME31,-0.08528613877151262
Enriched,PV_8,ME31,-0.10382658813391152
Enriched,PV_7,ME31,-0.14445393622793598
Enriched,PV_6,ME31,-0.31274537413474723
Enriched,PV_5,ME31,-0.15277698500090503
Enriched,PV_4,ME31,-0.04039600615817647
Control,PV_32,ME31,0.060591341414488895
Control,PV_31,ME31,0.023745543986015492
Control,PV_30,ME31,0.13259637958157616
Control,PV_29,ME31,0.46319151752045673
Enriched,PV_3,ME31,-0.01043903562618005
Enriched,PV_2,ME31,-0.14065111824397583
Enriched,PV_1,ME31,0.3890948603646694
Control,PV_28,ME32,0.19375787372216563
Control,PV_27,ME32,-0.20472157249014908
Control,PV_26,ME32,-0.05444253876893711
Control,PV_25,ME32,0.10240813162557533
Control,PV_24,ME32,0.4228126574576161
Control,PV_23,ME32,-0.31455628394052565
Control,PV_22,ME32,-0.4201809940457503
Control,PV_21,ME32,-0.04007160676705265
Control,PV_20,ME32,-0.15652852802000383
Control,PV_19,ME32,-0.28139880942446627
Control,PV_18,ME32,0.05233551852532302
Control,PV_17,ME32,0.022761985946877093
Enriched,PV_16,ME32,0.14432459552168211
Enriched,PV_15,ME32,0.040152145874464903
Enriched,PV_14,ME32,0.13527976687965756
Enriched,PV_13,ME32,-0.09548264008492655
Enriched,PV_12,ME32,0.13073964236208518
Enriched,PV_11,ME32,0.018691840337604525
Enriched,PV_10,ME32,0.140205916145092
Enriched,PV_9,ME32,-0.200918961144809
Enriched,PV_8,ME32,0.06582012652870675
Enriched,PV_7,ME32,0.07554801954840294
Enriched,PV_6,ME32,-0.18451508046291662
Enriched,PV_5,ME32,0.15766763624431923
Enriched,PV_4,ME32,0.10127002161907779
Control,PV_32,ME32,0.23462709492067027
Control,PV_31,ME32,-0.1909965984922931
Control,PV_30,ME32,-0.09135870281018821
Control,PV_29,ME32,0.14724768134532346
Enriched,PV_3,ME32,0.050281676294898284
Enriched,PV_2,ME32,0.08227455363268457
Enriched,PV_1,ME32,-0.08303456808020687
Control,PV_28,ME49,0.3313081592399175
Control,PV_27,ME49,0.09245169814163982
Control,PV_26,ME49,0.07130336204793164
Control,PV_25,ME49,0.2512030490126632
Control,PV_24,ME49,0.385623289537141
Control,PV_23,ME49,-0.04534808491571741
Control,PV_22,ME49,-0.21680622674627506
Control,PV_21,ME49,-0.1970458176431565
Control,PV_20,ME49,-0.06030293586277849
Control,PV_19,ME49,-0.1947243495013413
Control,PV_18,ME49,0.04298928010089543
Control,PV_17,ME49,0.0013689505540550114
Enriched,PV_16,ME49,0.11920506753617097
Enriched,PV_15,ME49,0.0568404570040331
Enriched,PV_14,ME49,0.025648763967710198
Enriched,PV_13,ME49,0.02684478283543614
Enriched,PV_12,ME49,-0.029819492694195718
Enriched,PV_11,ME49,0.09611585660086051
Enriched,PV_10,ME49,0.15322548771815303
Enriched,PV_9,ME49,-0.3591202426684571
Enriched,PV_8,ME49,0.03913058199697393
Enriched,PV_7,ME49,0.10277679474047709
Enriched,PV_6,ME49,-0.23281508116398214
Enriched,PV_5,ME49,0.03393216045284937
Enriched,PV_4,ME49,-0.2232229036453256
Control,PV_32,ME49,0.130642482534386
Control,PV_31,ME49,-0.18027155362595423
Control,PV_30,ME49,-0.18246649934352177
Control,PV_29,ME49,0.32362567893790894
Enriched,PV_3,ME49,-0.14883339289243003
Enriched,PV_2,ME49,-0.07276672593752234
Enriched,PV_1,ME49,-0.14069259631853168
Control,PV_28,ME56,0.2707009265776325
Control,PV_27,ME56,-0.01731616764530862
Control,PV_26,ME56,0.0843150819020142
Control,PV_25,ME56,0.16884956253958075
Control,PV_24,ME56,0.5744425283676509
Control,PV_23,ME56,-0.20823617042001816
Control,PV_22,ME56,-0.2781113808498957
Control,PV_21,ME56,-0.2354739530684882
Control,PV_20,ME56,-0.07517090161240458
Control,PV_19,ME56,-0.004866108620565517
Control,PV_18,ME56,0.10136405947684886
Control,PV_17,ME56,0.05883385913216115
Enriched,PV_16,ME56,0.07266489432263633
Enriched,PV_15,ME56,-0.009548940467798661
Enriched,PV_14,ME56,-0.10345101128574506
Enriched,PV_13,ME56,-0.10551639705315767
Enriched,PV_12,ME56,0.013093311614739818
Enriched,PV_11,ME56,-0.1734785492128156
Enriched,PV_10,ME56,0.15466271706057813
Enriched,PV_9,ME56,-0.2813968097732741
Enriched,PV_8,ME56,-0.028073195375905483
Enriched,PV_7,ME56,0.11320350932752678
Enriched,PV_6,ME56,-0.08816922128026498
Enriched,PV_5,ME56,0.12556698848122264
Enriched,PV_4,ME56,-0.15278440530128945
Control,PV_32,ME56,0.013439334422041569
Control,PV_31,ME56,-0.07891751465100703
Control,PV_30,ME56,-0.07963730008701911
Control,PV_29,ME56,0.3412878917584014
Enriched,PV_3,ME56,-0.05777354148776559
Enriched,PV_2,ME56,-0.10757274216507776
Enriched,PV_1,ME56,-0.0069303546252374015
Control,PV_28,ME9,0.29785762017611583
Control,PV_27,ME9,-0.06834932875817382
Control,PV_26,ME9,0.041124721922525656
Control,PV_25,ME9,0.09885392802286601
Control,PV_24,ME9,0.3639497564148548
Control,PV_23,ME9,-0.19062628802789633
Control,PV_22,ME9,-0.1514649277962464
Control,PV_21,ME9,-0.25593418039387716
Control,PV_20,ME9,-0.10607390666838085
Control,PV_19,ME9,0.1685933847969845
Control,PV_18,ME9,-0.22863112474444322
Control,PV_17,ME9,0.1303700707587023
Enriched,PV_16,ME9,0.09751418498390248
Enriched,PV_15,ME9,-0.08087597737984838
Enriched,PV_14,ME9,-0.11963516134304103
Enriched,PV_13,ME9,-0.09455020415228095
Enriched,PV_12,ME9,0.2533766155446579
Enriched,PV_11,ME9,-0.04392797471276126
Enriched,PV_10,ME9,0.12737652820770493
Enriched,PV_9,ME9,-0.2965799345106552
Enriched,PV_8,ME9,-0.2263323570990256
Enriched,PV_7,ME9,0.08511917979872292
Enriched,PV_6,ME9,0.18310401481170355
Enriched,PV_5,ME9,0.08137453965171691
Enriched,PV_4,ME9,-0.24054169640072495
Control,PV_32,ME9,-0.2804920329805547
Control,PV_31,ME9,0.08944999039472573
Control,PV_30,ME9,-0.034619939047296974
Control,PV_29,ME9,0.12150061892415959
Enriched,PV_3,ME9,0.08166566226005159
Enriched,PV_2,ME9,-0.03181950670803546
Enriched,PV_1,ME9,0.22922372405385297
Control,PV_28,ME41,0.31790560724487216
Control,PV_27,ME41,-0.07153545573069532
Control,PV_26,ME41,-0.026127646993636646
Control,PV_25,ME41,0.17192318888753363
Control,PV_24,ME41,0.5220920292768654
Control,PV_23,ME41,-0.13162932593310323
Control,PV_22,ME41,-0.05569192386321483
Control,PV_21,ME41,-0.14558191000193635
Control,PV_20,ME41,-0.130917166456653
Control,PV_19,ME41,-0.018888340286681713
Control,PV_18,ME41,-0.17810946054411197
Control,PV_17,ME41,0.06629519687933191
Enriched,PV_16,ME41,0.09254598169912384
Enriched,PV_15,ME41,0.03133534096671043
Enriched,PV_14,ME41,-0.06689020726499101
Enriched,PV_13,ME41,-0.10285132769702422
Enriched,PV_12,ME41,0.3483148995009726
Enriched,PV_11,ME41,-0.10741472322069313
Enriched,PV_10,ME41,0.2801390505082131
Enriched,PV_9,ME41,-0.23112278455372748
Enriched,PV_8,ME41,-0.1597742972322297
Enriched,PV_7,ME41,0.016269288049875753
Enriched,PV_6,ME41,-0.13195554885882826
Enriched,PV_5,ME41,-0.11665024171079029
Enriched,PV_4,ME41,-0.2222185995261562
Control,PV_32,ME41,-0.17827181756409033
Control,PV_31,ME41,0.1555781986638709
Control,PV_30,ME41,0.13753647367382163
Control,PV_29,ME41,0.11409394991564724
Enriched,PV_3,ME41,-0.0398574691149068
Enriched,PV_2,ME41,-0.09281214022316261
Enriched,PV_1,ME41,-0.04572881849020345
Control,PV_28,ME18,0.138890053958649
Control,PV_27,ME18,-0.22814749841907814
Control,PV_26,ME18,-0.04817316617818193
Control,PV_25,ME18,5.528669737302724e-5
Control,PV_24,ME18,0.49110558806299137
Control,PV_23,ME18,-0.04946828580996716
Control,PV_22,ME18,0.028691480004682492
Control,PV_21,ME18,-0.0015358115651478896
Control,PV_20,ME18,-0.09830869864921511
Control,PV_19,ME18,-0.16185761418570654
Control,PV_18,ME18,-0.10578649013554887
Control,PV_17,ME18,0.014567583905153326
Enriched,PV_16,ME18,-0.060595022890718546
Enriched,PV_15,ME18,-0.02477945048833308
Enriched,PV_14,ME18,-0.056313451946341256
Enriched,PV_13,ME18,-0.21105009393102941
Enriched,PV_12,ME18,0.2915000292951007
Enriched,PV_11,ME18,-0.28831450906080996
Enriched,PV_10,ME18,0.37263336052530033
Enriched,PV_9,ME18,-0.02524154498785727
Enriched,PV_8,ME18,-0.10497983476323196
Enriched,PV_7,ME18,-0.16180880146497914
Enriched,PV_6,ME18,0.10599451334224472
Enriched,PV_5,ME18,-0.2155003209939357
Enriched,PV_4,ME18,0.025724203601464046
Control,PV_32,ME18,-0.10627540327650659
Control,PV_31,ME18,0.1288005561186836
Control,PV_30,ME18,0.36254045117108535
Control,PV_29,ME18,0.002722254242617957
Enriched,PV_3,ME18,0.10876005613149804
Enriched,PV_2,ME18,-0.043753031590964324
Enriched,PV_1,ME18,-0.08009638671927516
Control,PV_28,ME34,0.2139638631406452
Control,PV_27,ME34,-0.20278544516797864
Control,PV_26,ME34,0.046689602488180375
Control,PV_25,ME34,-0.04770715746526067
Control,PV_24,ME34,0.5674322786811232
Control,PV_23,ME34,-0.09085211359388891
Control,PV_22,ME34,-0.01261671205517739
Control,PV_21,ME34,-0.20432882963281285
Control,PV_20,ME34,-0.04622156136123986
Control,PV_19,ME34,-0.05823958664226481
Control,PV_18,ME34,-0.20830903450795168
Control,PV_17,ME34,0.09040044501385411
Enriched,PV_16,ME34,-0.06337222117288213
Enriched,PV_15,ME34,-0.042828510873824166
Enriched,PV_14,ME34,-0.0650173436109533
Enriched,PV_13,ME34,-0.18777300538655248
Enriched,PV_12,ME34,0.20527025366435603
Enriched,PV_11,ME34,-0.18940121352580588
Enriched,PV_10,ME34,0.21945769838554455
Enriched,PV_9,ME34,-0.27482106925908756
Enriched,PV_8,ME34,-0.09857462084184791
Enriched,PV_7,ME34,-0.07331269812052577
Enriched,PV_6,ME34,0.25810288830576134
Enriched,PV_5,ME34,-0.05060141947703485
Enriched,PV_4,ME34,-0.039207810621492645
Control,PV_32,ME34,-0.07381667864527133
Control,PV_31,ME34,0.028241658935486195
Control,PV_30,ME34,0.13692921375806238
Control,PV_29,ME34,0.18459796700923745
Enriched,PV_3,ME34,0.09054794108796033
Enriched,PV_2,ME34,-0.20495109650194068
Enriched,PV_1,ME34,0.19310431799357605
Control,PV_28,ME5,-0.15370500221328703
Control,PV_27,ME5,-0.29225817785081903
Control,PV_26,ME5,-0.10065491209022168
Control,PV_25,ME5,-0.15691534340148844
Control,PV_24,ME5,0.039296079127117974
Control,PV_23,ME5,0.15328918461173494
Control,PV_22,ME5,0.20260961163440236
Control,PV_21,ME5,0.2698075405690679
Control,PV_20,ME5,-0.01750215434752919
Control,PV_19,ME5,-0.1084784835211546
Control,PV_18,ME5,0.05196823264640556
Control,PV_17,ME5,-0.0890153086021314
Enriched,PV_16,ME5,-0.15933869509122983
Enriched,PV_15,ME5,-0.017341928955271407
Enriched,PV_14,ME5,-0.07627532264360759
Enriched,PV_13,ME5,-0.09012455571775639
Enriched,PV_12,ME5,0.05156988031876815
Enriched,PV_11,ME5,-0.2510272615186644
Enriched,PV_10,ME5,0.1611994034803516
Enriched,PV_9,ME5,0.392009566839907
Enriched,PV_8,ME5,0.05113320594902668
Enriched,PV_7,ME5,-0.17608990393330512
Enriched,PV_6,ME5,0.17802942959128187
Enriched,PV_5,ME5,-0.3000456183791728
Enriched,PV_4,ME5,0.2719784023576378
Control,PV_32,ME5,-0.021652843725988347
Control,PV_31,ME5,0.11628563055221587
Control,PV_30,ME5,0.3614399541321754
Control,PV_29,ME5,-0.11159743291015274
Enriched,PV_3,ME5,-0.01752810846708306
Enriched,PV_2,ME5,-0.009893167461927872
Enriched,PV_1,ME5,-0.15117190097930194
Control,PV_28,ME25,-0.13899685938582876
Control,PV_27,ME25,-0.332281527337303
Control,PV_26,ME25,-0.04380555870202007
Control,PV_25,ME25,-0.19139625922547174
Control,PV_24,ME25,0.2248693221818665
Control,PV_23,ME25,0.019205568083553722
Control,PV_22,ME25,0.16350042305430884
Control,PV_21,ME25,0.040509404047617124
Control,PV_20,ME25,-0.07092209297577479
Control,PV_19,ME25,-0.10853875057412453
Control,PV_18,ME25,-0.0815421707791713
Control,PV_17,ME25,0.013282346476241349
Enriched,PV_16,ME25,-0.24716141482485218
Enriched,PV_15,ME25,-0.01967123435110206
Enriched,PV_14,ME25,-0.04771537873780451
Enriched,PV_13,ME25,-0.19804497830312448
Enriched,PV_12,ME25,0.025732379921385277
Enriched,PV_11,ME25,-0.24387615378902858
Enriched,PV_10,ME25,0.15536301963282456
Enriched,PV_9,ME25,0.13174420356516472
Enriched,PV_8,ME25,-0.005517720291634164
Enriched,PV_7,ME25,-0.2060730025746834
Enriched,PV_6,ME25,0.42239801117867626
Enriched,PV_5,ME25,-0.13830203878951117
Enriched,PV_4,ME25,0.3437576705770953
Control,PV_32,ME25,-0.01711416522875062
Control,PV_31,ME25,0.11834279707310515
Control,PV_30,ME25,0.2917148336371153
Control,PV_29,ME25,0.03558925617603851
Enriched,PV_3,ME25,0.20581328066955032
Enriched,PV_2,ME25,-0.14489140980868817
Enriched,PV_1,ME25,0.04402819940432685
Control,PV_28,ME39,0.011980453009311463
Control,PV_27,ME39,-0.2672347883841515
Control,PV_26,ME39,-0.08849036588451936
Control,PV_25,ME39,-0.08750341930693716
Control,PV_24,ME39,0.3177366714310921
Control,PV_23,ME39,0.035521586923037723
Control,PV_22,ME39,0.11939410388921685
Control,PV_21,ME39,0.15806717122270902
Control,PV_20,ME39,-0.04614425754952964
Control,PV_19,ME39,-0.24533122129113388
Control,PV_18,ME39,-0.04649517572938594
Control,PV_17,ME39,0.009007562245941085
Enriched,PV_16,ME39,-0.1952682332026641
Enriched,PV_15,ME39,0.0198364857385474
Enriched,PV_14,ME39,-0.005109276416593942
Enriched,PV_13,ME39,-0.19495626098678592
Enriched,PV_12,ME39,0.09371125164038684
Enriched,PV_11,ME39,-0.23502594175466246
Enriched,PV_10,ME39,0.31863872061239135
Enriched,PV_9,ME39,0.13330878938704382
Enriched,PV_8,ME39,0.04412571838514017
Enriched,PV_7,ME39,-0.21629545294816557
Enriched,PV_6,ME39,0.1104882843032936
Enriched,PV_5,ME39,-0.3213215262036783
Enriched,PV_4,ME39,0.25352712176252545
Control,PV_32,ME39,0.034883957717541096
Control,PV_31,ME39,0.07732432248165387
Control,PV_30,ME39,0.4103126845930037
Control,PV_29,ME39,0.02759049753711796
Enriched,PV_3,ME39,0.05072670217179866
Enriched,PV_2,ME39,-0.16441929525546725
Enriched,PV_1,ME39,-0.11258687013807825
Control,PV_28,ME21,-0.25376162396951163
Control,PV_27,ME21,-0.14690554668702158
Control,PV_26,ME21,0.26741383677623587
Control,PV_25,ME21,-0.1424786652361518
Control,PV_24,ME21,-0.19236568168378423
Control,PV_23,ME21,-0.07620845341487505
Control,PV_22,ME21,0.10449750728899396
Control,PV_21,ME21,0.2077536093909085
Control,PV_20,ME21,-0.050043736085699335
Control,PV_19,ME21,0.21437850564739028
Control,PV_18,ME21,-0.16747251402785054
Control,PV_17,ME21,0.00503543254338968
Enriched,PV_16,ME21,-0.210957961303113
Enriched,PV_15,ME21,0.088879311872732
Enriched,PV_14,ME21,-0.1210762217243197
Enriched,PV_13,ME21,-0.17597423199817516
Enriched,PV_12,ME21,-0.09301556708016492
Enriched,PV_11,ME21,-0.061275153037615715
Enriched,PV_10,ME21,-0.25289788802228075
Enriched,PV_9,ME21,0.22002147105913994
Enriched,PV_8,ME21,-0.09066274221021021
Enriched,PV_7,ME21,-0.19311794975319535
Enriched,PV_6,ME21,0.027436456683057168
Enriched,PV_5,ME21,-0.05108797716114002
Enriched,PV_4,ME21,0.3507025964927289
Control,PV_32,ME21,-0.04875968295393023
Control,PV_31,ME21,0.07961711618101172
Control,PV_30,ME21,0.17459113190391493
Control,PV_29,ME21,0.11353181397048363
Enriched,PV_3,ME21,0.007717329748039609
Enriched,PV_2,ME21,0.017417220486341773
Enriched,PV_1,ME21,0.44906825630466957
Control,PV_28,ME10,-0.18183617828058565
Control,PV_27,ME10,-0.13575533871986892
Control,PV_26,ME10,0.03483794694672265
Control,PV_25,ME10,-0.07699814668168892
Control,PV_24,ME10,-0.18060665164085946
Control,PV_23,ME10,0.07365672325071544
Control,PV_22,ME10,0.17825155631855255
Control,PV_21,ME10,0.43238213730657993
Control,PV_20,ME10,0.025629554929081984
Control,PV_19,ME10,0.017721522819128283
Control,PV_18,ME10,0.025414538706392927
Control,PV_17,ME10,-0.08742620107916046
Enriched,PV_16,ME10,-0.13595159722761344
Enriched,PV_15,ME10,0.12186737480976069
Enriched,PV_14,ME10,-0.12700803539540992
Enriched,PV_13,ME10,-0.12184826496957876
Enriched,PV_12,ME10,-0.009541427492314647
Enriched,PV_11,ME10,-0.04697174751564171
Enriched,PV_10,ME10,-0.04983789931117081
Enriched,PV_9,ME10,0.44409199173949837
Enriched,PV_8,ME10,0.010376922345665045
Enriched,PV_7,ME10,-0.13789950855581817
Enriched,PV_6,ME10,-0.2135011012989915
Enriched,PV_5,ME10,-0.2718936436239355
Enriched,PV_4,ME10,0.2992385038591915
Control,PV_32,ME10,-0.03366866086535987
Control,PV_31,ME10,0.09779955354040168
Control,PV_30,ME10,0.33316711643989577
Control,PV_29,ME10,-0.11788778352674864
Enriched,PV_3,ME10,-0.17421333586715315
Enriched,PV_2,ME10,0.0904075383884162
Enriched,PV_1,ME10,-0.08199745934810408
Control,PV_28,ME20,-0.24128953460987515
Control,PV_27,ME20,-0.2540991331485249
Control,PV_26,ME20,0.008540119008602154
Control,PV_25,ME20,-0.1661083989014119
Control,PV_24,ME20,-0.21352837592817026
Control,PV_23,ME20,0.00499094443107056
Control,PV_22,ME20,0.13163413727388393
Control,PV_21,ME20,0.3281036452150139
Control,PV_20,ME20,-0.08240597196440988
Control,PV_19,ME20,0.12730093793907765
Control,PV_18,ME20,-0.029269558629933225
Control,PV_17,ME20,-0.05427917503621754
Enriched,PV_16,ME20,-0.14407564356260238
Enriched,PV_15,ME20,-0.02523425041222851
Enriched,PV_14,ME20,-0.24065162417609182
Enriched,PV_13,ME20,-0.07719777154918044
Enriched,PV_12,ME20,-0.002152371434770743
Enriched,PV_11,ME20,-0.018286834115300327
Enriched,PV_10,ME20,-0.088624947700391
Enriched,PV_9,ME20,0.44072330878921806
Enriched,PV_8,ME20,-0.024481731781245127
Enriched,PV_7,ME20,-0.10699342832509286
Enriched,PV_6,ME20,0.1263509585612435
Enriched,PV_5,ME20,-0.14606990126245803
Enriched,PV_4,ME20,0.3901977560593784
Control,PV_32,ME20,-0.14691228486592625
Control,PV_31,ME20,0.17580504641501082
Control,PV_30,ME20,0.2959803764769418
Control,PV_29,ME20,-0.09818144749169658
Enriched,PV_3,ME20,-0.006727234889753988
Enriched,PV_2,ME20,0.11144566704044892
Enriched,PV_1,ME20,0.025496722575387213
Control,PV_28,ME2,-0.14213120315524883
Control,PV_27,ME2,-0.0915340372769946
Control,PV_26,ME2,-0.014245436226456432
Control,PV_25,ME2,-0.1618115050703425
Control,PV_24,ME2,-0.09886439048250621
Control,PV_23,ME2,-0.1556512585407523
Control,PV_22,ME2,-0.09685166135937778
Control,PV_21,ME2,-0.19904897549627135
Control,PV_20,ME2,-0.013573167824195006
Control,PV_19,ME2,0.23181054095229076
Control,PV_18,ME2,-0.08822565137003223
Control,PV_17,ME2,0.04014758043948634
Enriched,PV_16,ME2,-0.07082461316127459
Enriched,PV_15,ME2,-0.1538268491553265
Enriched,PV_14,ME2,-0.10737778706377998
Enriched,PV_13,ME2,-0.021161226815076564
Enriched,PV_12,ME2,-0.041022267587290336
Enriched,PV_11,ME2,-0.047030222715652464
Enriched,PV_10,ME2,-0.1551131668116976
Enriched,PV_9,ME2,-0.06577274601739534
Enriched,PV_8,ME2,-0.005126106628381709
Enriched,PV_7,ME2,-0.03182314375236022
Enriched,PV_6,ME2,0.5449703398895172
Enriched,PV_5,ME2,0.3395605605539392
Enriched,PV_4,ME2,0.18763206383844122
Control,PV_32,ME2,-0.14276934515987122
Control,PV_31,ME2,0.036883032718392876
Control,PV_30,ME2,-0.14809097549779837
Control,PV_29,ME2,-0.03219613402838746
Enriched,PV_3,ME2,0.2841934034489418
Enriched,PV_2,ME2,0.03050255724186039
Enriched,PV_1,ME2,0.38837179211360073
Control,PV_28,ME50,-0.2363745625269725
Control,PV_27,ME50,-0.11088252528287479
Control,PV_26,ME50,-0.2811003987943642
Control,PV_25,ME50,-0.12875276278974424
Control,PV_24,ME50,-0.3031580854205561
Control,PV_23,ME50,-0.04836906051414699
Control,PV_22,ME50,-0.0968869482717929
Control,PV_21,ME50,0.12023417419417826
Control,PV_20,ME50,-0.13302706619433335
Control,PV_19,ME50,-0.004856377697102539
Control,PV_18,ME50,0.020412931622560852
Control,PV_17,ME50,-0.1934889858275072
Enriched,PV_16,ME50,0.07321221826765056
Enriched,PV_15,ME50,0.08906725169896491
Enriched,PV_14,ME50,0.09347264287823938
Enriched,PV_13,ME50,0.08191168866674667
Enriched,PV_12,ME50,0.08298348310558676
Enriched,PV_11,ME50,0.032508057260989695
Enriched,PV_10,ME50,4.9886137409767704e-5
Enriched,PV_9,ME50,0.3970658256278702
Enriched,PV_8,ME50,0.08697268589415087
Enriched,PV_7,ME50,0.06172325788760365
Enriched,PV_6,ME50,0.3126939059288404
Enriched,PV_5,ME50,0.15587353212660762
Enriched,PV_4,ME50,0.13967006752452923
Control,PV_32,ME50,-0.14759458692250715
Control,PV_31,ME50,-0.02800884970710176
Control,PV_30,ME50,-0.04961343677786389
Control,PV_29,ME50,-0.43883038634241645
Enriched,PV_3,ME50,0.24751802617442895
Enriched,PV_2,ME50,0.19018755612319294
Enriched,PV_1,ME50,0.015386841949721284
Control,PV_28,ME42,-0.09175919643363069
Control,PV_27,ME42,-0.30169964722471293
Control,PV_26,ME42,-9.27550905206173e-4
Control,PV_25,ME42,-0.2173699953209966
Control,PV_24,ME42,0.08885100549614394
Control,PV_23,ME42,0.15114658103778839
Control,PV_22,ME42,0.19776249604871268
Control,PV_21,ME42,0.035883361662727
Control,PV_20,ME42,-0.08187972289143113
Control,PV_19,ME42,0.11513778305069368
Control,PV_18,ME42,0.12151328325500904
Control,PV_17,ME42,0.006977124365881369
Enriched,PV_16,ME42,-0.04182135895046196
Enriched,PV_15,ME42,-0.21943454289470601
Enriched,PV_14,ME42,-0.20646650692126073
Enriched,PV_13,ME42,0.005398344958238508
Enriched,PV_12,ME42,0.0626392823365766
Enriched,PV_11,ME42,-0.3341921720870268
Enriched,PV_10,ME42,0.0035325976601383617
Enriched,PV_9,ME42,0.16876820569959533
Enriched,PV_8,ME42,-0.020983700191618746
Enriched,PV_7,ME42,-0.07375590558593573
Enriched,PV_6,ME42,0.6707062771056109
Enriched,PV_5,ME42,-0.13418734629851808
Enriched,PV_4,ME42,-0.044684488221195036
Control,PV_32,ME42,-0.02928293488978857
Control,PV_31,ME42,0.11861433654919024
Control,PV_30,ME42,0.10793476562572397
Control,PV_29,ME42,-0.04179474366188428
Enriched,PV_3,ME42,0.05817009777525107
Enriched,PV_2,ME42,-0.018425531543866707
Enriched,PV_1,ME42,-0.05437019860503567
Control,PV_28,ME22,-0.2561155816814959
Control,PV_27,ME22,-0.25511376349936415
Control,PV_26,ME22,-0.005770460282225492
Control,PV_25,ME22,-0.23958048749222602
Control,PV_24,ME22,-0.17039622712045374
Control,PV_23,ME22,-0.007105014328049301
Control,PV_22,ME22,0.06732559295097348
Control,PV_21,ME22,0.1034085338593736
Control,PV_20,ME22,-0.04660142485320143
Control,PV_19,ME22,0.11882379507648222
Control,PV_18,ME22,-0.00864682534959702
Control,PV_17,ME22,-0.08261758254452152
Enriched,PV_16,ME22,-0.1685750995253136
Enriched,PV_15,ME22,-0.11369775036560599
Enriched,PV_14,ME22,-0.13997907229313128
Enriched,PV_13,ME22,-0.06728821947486116
Enriched,PV_12,ME22,-0.05547886896961877
Enriched,PV_11,ME22,-0.18232283545103534
Enriched,PV_10,ME22,-0.08988621038819944
Enriched,PV_9,ME22,0.23900769910232153
Enriched,PV_8,ME22,0.026171413585878302
Enriched,PV_7,ME22,-0.146291450664479
Enriched,PV_6,ME22,0.5447824220217805
Enriched,PV_5,ME22,0.10331533402786508
Enriched,PV_4,ME22,0.3149809716025148
Control,PV_32,ME22,-0.08072444674315887
Control,PV_31,ME22,0.10887296651453358
Control,PV_30,ME22,0.09341814759278545
Control,PV_29,ME22,-0.11382364249486995
Enriched,PV_3,ME22,0.23959428346787426
Enriched,PV_2,ME22,0.04959144324840587
Enriched,PV_1,ME22,0.2207223604706189
Control,PV_28,ME23,-0.2911591361873675
Control,PV_27,ME23,-0.1876953041297339
Control,PV_26,ME23,-0.13430530745558106
Control,PV_25,ME23,-0.20301563691541347
Control,PV_24,ME23,-0.2926511564325634
Control,PV_23,ME23,0.25378347273622054
Control,PV_22,ME23,0.09726274871314643
Control,PV_21,ME23,0.1818543472657659
Control,PV_20,ME23,0.07305930205649291
Control,PV_19,ME23,0.02142965518264294
Control,PV_18,ME23,0.19321861287797298
Control,PV_17,ME23,-0.08889672172142936
Enriched,PV_16,ME23,-0.01144086366710197
Enriched,PV_15,ME23,-0.16083785953366248
Enriched,PV_14,ME23,-0.05008051718931367
Enriched,PV_13,ME23,0.1984408802746206
Enriched,PV_12,ME23,-0.09369348899183212
Enriched,PV_11,ME23,-0.24084858479732318
Enriched,PV_10,ME23,-0.054683624384874334
Enriched,PV_9,ME23,0.30977257721736806
Enriched,PV_8,ME23,0.13879762023422185
Enriched,PV_7,ME23,-0.09941588744214956
Enriched,PV_6,ME23,0.4411493885413763
Enriched,PV_5,ME23,0.035163175105961376
Enriched,PV_4,ME23,0.16771926362520048
Control,PV_32,ME23,-0.030305437155211508
Control,PV_31,ME23,0.07917032119109778
Control,PV_30,ME23,-0.08271209382526849
Control,PV_29,ME23,-0.258075949196187
Enriched,PV_3,ME23,0.09838864469699167
Enriched,PV_2,ME23,-0.001243207919434465
Enriched,PV_1,ME23,-0.008149232774632243
Control,PV_28,ME8,-0.18003506786073675
Control,PV_27,ME8,-0.1436821181621294
Control,PV_26,ME8,-0.15564156389308192
Control,PV_25,ME8,-0.10446676827423497
Control,PV_24,ME8,-0.21195078927669536
Control,PV_23,ME8,0.36463293628166704
Control,PV_22,ME8,0.12943749648784061
Control,PV_21,ME8,0.3141014343307206
Control,PV_20,ME8,0.15342649512205325
Control,PV_19,ME8,-0.10708688984791928
Control,PV_18,ME8,0.27288733846633884
Control,PV_17,ME8,-0.10955949561101391
Enriched,PV_16,ME8,0.04059503874114485
Enriched,PV_15,ME8,-0.07589858170546768
Enriched,PV_14,ME8,0.002769849441658774
Enriched,PV_13,ME8,0.19462639103753557
Enriched,PV_12,ME8,-0.03945285303572394
Enriched,PV_11,ME8,-0.22366162885925311
Enriched,PV_10,ME8,0.12192413031056352
Enriched,PV_9,ME8,0.34426003570567904
Enriched,PV_8,ME8,0.1412112899142346
Enriched,PV_7,ME8,-0.1285075060773265
Enriched,PV_6,ME8,0.06473945129404074
Enriched,PV_5,ME8,-0.1967992045930187
Enriched,PV_4,ME8,0.06098252590139128
Control,PV_32,ME8,0.021250842816556516
Control,PV_31,ME8,0.07600630793244396
Control,PV_30,ME8,0.05821589131450798
Control,PV_29,ME8,-0.2732244595390214
Enriched,PV_3,ME8,-0.09985926850387634
Enriched,PV_2,ME8,-0.012434744754013233
Enriched,PV_1,ME8,-0.2988065151048692
Control,PV_28,ME52,-0.26126528675442434
Control,PV_27,ME52,0.002955081151337075
Control,PV_26,ME52,-0.03706440957099275
Control,PV_25,ME52,-0.1751110706107248
Control,PV_24,ME52,-0.2981410775668319
Control,PV_23,ME52,0.293499714458655
Control,PV_22,ME52,0.26211109357109025
Control,PV_21,ME52,-0.06497647584378194
Control,PV_20,ME52,0.05190262880227311
Control,PV_19,ME52,0.1678875015351955
Control,PV_18,ME52,0.1974816429703634
Control,PV_17,ME52,0.09242860906913505
Enriched,PV_16,ME52,-0.015515988010056363
Enriched,PV_15,ME52,-0.3831094577191432
Enriched,PV_14,ME52,-0.059995896501719936
Enriched,PV_13,ME52,0.34648640020501964
Enriched,PV_12,ME52,-0.18236331431267866
Enriched,PV_11,ME52,0.11185219662188157
Enriched,PV_10,ME52,-0.13849312213642864
Enriched,PV_9,ME52,0.2679196147356012
Enriched,PV_8,ME52,0.06461984374499206
Enriched,PV_7,ME52,0.1290603718737661
Enriched,PV_6,ME52,0.17486623425793082
Enriched,PV_5,ME52,-0.05068641233812686
Enriched,PV_4,ME52,-0.07040560812113969
Control,PV_32,ME52,0.06089581383203305
Control,PV_31,ME52,0.011660805876109426
Control,PV_30,ME52,-0.02099194911506623
Control,PV_29,ME52,-0.1132738394284829
Enriched,PV_3,ME52,-0.28901286102162965
Enriched,PV_2,ME52,0.004300763463873963
Enriched,PV_1,ME52,-0.07952154711803389
Control,PV_28,ME58,-0.19471369726531298
Control,PV_27,ME58,0.011148459695011109
Control,PV_26,ME58,-0.07134700455856387
Control,PV_25,ME58,-0.15583632682363877
Control,PV_24,ME58,-0.39515277653662595
Control,PV_23,ME58,0.19397036686022018
Control,PV_22,ME58,0.14686232489456189
Control,PV_21,ME58,-0.036752189346125994
Control,PV_20,ME58,0.13762050599882975
Control,PV_19,ME58,0.07062840573783948
Control,PV_18,ME58,0.15130569103783237
Control,PV_17,ME58,0.032920486458393336
Enriched,PV_16,ME58,0.024225187521298125
Enriched,PV_15,ME58,-0.15228827404597278
Enriched,PV_14,ME58,0.10661301768439102
Enriched,PV_13,ME58,0.35556983924107155
Enriched,PV_12,ME58,-0.20946193424127976
Enriched,PV_11,ME58,0.17266778719993675
Enriched,PV_10,ME58,-0.3003216086863482
Enriched,PV_9,ME58,0.12940544375540136
Enriched,PV_8,ME58,0.09389922225617736
Enriched,PV_7,ME58,0.06611198030427
Enriched,PV_6,ME58,0.22383466703311627
Enriched,PV_5,ME58,0.15413530579553192
Enriched,PV_4,ME58,0.011736410906824153
Control,PV_32,ME58,0.17542369734652438
Control,PV_31,ME58,-0.06029417230587683
Control,PV_30,ME58,-0.350909135765343
Control,PV_29,ME58,-0.26276369003296196
Enriched,PV_3,ME58,0.05704454538476831
Enriched,PV_2,ME58,-0.04128308639161574
Enriched,PV_1,ME58,-0.08399944911233233
Control,PV_28,ME1,0.1779100845312494
Control,PV_27,ME1,0.1494624212903789
Control,PV_26,ME1,0.029385056747178524
Control,PV_25,ME1,0.190071977591288
Control,PV_24,ME1,0.17240920723158729
Control,PV_23,ME1,0.17353647294689598
Control,PV_22,ME1,0.14621827023691006
Control,PV_21,ME1,0.09925743517078156
Control,PV_20,ME1,-0.037295930089081004
Control,PV_19,ME1,-0.21346488158009794
Control,PV_18,ME1,0.05496245944758855
Control,PV_17,ME1,0.04257052253384121
Enriched,PV_16,ME1,0.09027214107390895
Enriched,PV_15,ME1,0.09748779131578043
Enriched,PV_14,ME1,0.07679356416578928
Enriched,PV_13,ME1,0.02579351434098478
Enriched,PV_12,ME1,0.046172062209059055
Enriched,PV_11,ME1,0.06612077700140609
Enriched,PV_10,ME1,0.14883265973315826
Enriched,PV_9,ME1,0.05112555170769221
Enriched,PV_8,ME1,-0.032747582536497344
Enriched,PV_7,ME1,0.052083992704333566
Enriched,PV_6,ME1,-0.5059989878455472
Enriched,PV_5,ME1,-0.301540231186129
Enriched,PV_4,ME1,-0.2422219621731721
Control,PV_32,ME1,0.11611977436046139
Control,PV_31,ME1,-0.08555850055225972
Control,PV_30,ME1,0.1060765085405652
Control,PV_29,ME1,0.09872649801604567
Enriched,PV_3,ME1,-0.35352783759253337
Enriched,PV_2,ME1,-0.08150794766521371
Enriched,PV_1,ME1,-0.3575248816763559
Control,PV_28,ME28,0.004911373115471664
Control,PV_27,ME28,-0.06398505541819846
Control,PV_26,ME28,-0.022716623432183735
Control,PV_25,ME28,0.02206094289941999
Control,PV_24,ME28,0.06395180136321192
Control,PV_23,ME28,0.20666113998280167
Control,PV_22,ME28,0.23472427158498332
Control,PV_21,ME28,0.3392312121085214
Control,PV_20,ME28,-0.003950618312578899
Control,PV_19,ME28,-0.20864429851546212
Control,PV_18,ME28,0.07125166725476971
Control,PV_17,ME28,-0.07202154108566403
Enriched,PV_16,ME28,-0.05003547073497572
Enriched,PV_15,ME28,0.09686044279569993
Enriched,PV_14,ME28,0.023514705420500763
Enriched,PV_13,ME28,-0.06605520112177013
Enriched,PV_12,ME28,0.03772628709470716
Enriched,PV_11,ME28,-0.15569735697081066
Enriched,PV_10,ME28,0.1672737165781889
Enriched,PV_9,ME28,0.2927634428738704
Enriched,PV_8,ME28,0.03888423183360516
Enriched,PV_7,ME28,-0.13300361607681907
Enriched,PV_6,ME28,-0.32316327602526645
Enriched,PV_5,ME28,-0.37588389684817675
Enriched,PV_4,ME28,0.05736340399790133
Control,PV_32,ME28,0.09167462076201083
Control,PV_31,ME28,0.03335909669757017
Control,PV_30,ME28,0.34484195961629205
Control,PV_29,ME28,-0.034098888272338986
Enriched,PV_3,ME28,-0.24713899204804254
Enriched,PV_2,ME28,-0.043283693328722166
Enriched,PV_1,ME28,-0.32737578778851995
Control,PV_28,ME54,0.006906534107835039
Control,PV_27,ME54,0.16332731971833156
Control,PV_26,ME54,0.20506167863900351
Control,PV_25,ME54,0.15863251805156195
Control,PV_24,ME54,-0.16716511015560437
Control,PV_23,ME54,-0.09907220430059459
Control,PV_22,ME54,-0.279048825495253
Control,PV_21,ME54,0.033354554906350226
Control,PV_20,ME54,0.05877595509905695
Control,PV_19,ME54,-0.04506485458708815
Control,PV_18,ME54,-0.04973850292747248
Control,PV_17,ME54,-0.026939268888863544
Enriched,PV_16,ME54,-0.15643006165685838
Enriched,PV_15,ME54,0.29051127814033384
Enriched,PV_14,ME54,-0.08558610340333224
Enriched,PV_13,ME54,-0.3568579194539742
Enriched,PV_12,ME54,-0.03706118284919416
Enriched,PV_11,ME54,0.2244698766580721
Enriched,PV_10,ME54,-0.17632615632064635
Enriched,PV_9,ME54,-0.1893944380213833
Enriched,PV_8,ME54,-0.008092712111428231
Enriched,PV_7,ME54,0.17129857945701493
Enriched,PV_6,ME54,-0.237663426235604
Enriched,PV_5,ME54,-0.059142778454942736
Enriched,PV_4,ME54,0.093846224947212
Control,PV_32,ME54,-0.0833319108689629
Control,PV_31,ME54,-0.08681923184025432
Control,PV_30,ME54,-0.058561113267214436
Control,PV_29,ME54,0.10161522557748011
Enriched,PV_3,ME54,0.08276595570813089
Enriched,PV_2,ME54,0.08452375289159891
Enriched,PV_1,ME54,0.5272063469366939
Control,PV_28,ME15,-0.061982154379822234
Control,PV_27,ME15,0.09465006436067297
Control,PV_26,ME15,-0.09197071993951547
Control,PV_25,ME15,0.05592277452965801
Control,PV_24,ME15,-0.3489840014747231
Control,PV_23,ME15,-0.05569450111504874
Control,PV_22,ME15,-0.17811648127913954
Control,PV_21,ME15,0.3064893495366013
Control,PV_20,ME15,0.1901857891957151
Control,PV_19,ME15,-0.13357899263046627
Control,PV_18,ME15,0.02305747969668054
Control,PV_17,ME15,-0.24355173535142594
Enriched,PV_16,ME15,0.03935033231420849
Enriched,PV_15,ME15,0.38955532653784464
Enriched,PV_14,ME15,0.13927021193621275
Enriched,PV_13,ME15,-0.14552215203400565
Enriched,PV_12,ME15,-0.0010938873857893549
Enriched,PV_11,ME15,0.011724125040885424
Enriched,PV_10,ME15,-0.22937862630141728
Enriched,PV_9,ME15,-0.016900157061755704
Enriched,PV_8,ME15,0.2607909495895029
Enriched,PV_7,ME15,0.04735312315091342
Enriched,PV_6,ME15,-0.2942417578774937
Enriched,PV_5,ME15,-0.006411728998997248
Enriched,PV_4,ME15,0.19709717117936298
Control,PV_32,ME15,0.09952270483079036
Control,PV_31,ME15,-0.06814579071100474
Control,PV_30,ME15,0.10962431018043207
Control,PV_29,ME15,-0.2535435645584727
Enriched,PV_3,ME15,0.09189688052132113
Enriched,PV_2,ME15,0.2188375210382989
Enriched,PV_1,ME15,-0.14621186254002058
Control,PV_28,ME12,-0.17692108662132994
Control,PV_27,ME12,0.05836372675064573
Control,PV_26,ME12,0.08775807748872212
Control,PV_25,ME12,-0.004242987298061693
Control,PV_24,ME12,-0.2114711964820231
Control,PV_23,ME12,-0.09316885296152236
Control,PV_22,ME12,-0.12787708550317434
Control,PV_21,ME12,0.42562899227984374
Control,PV_20,ME12,0.05531149607783462
Control,PV_19,ME12,-0.009237398761251637
Control,PV_18,ME12,-0.09295299861187543
Control,PV_17,ME12,-0.16973665706275715
Enriched,PV_16,ME12,-0.1406700681455798
Enriched,PV_15,ME12,0.33579067104763793
Enriched,PV_14,ME12,0.006580749113824524
Enriched,PV_13,ME12,-0.31143657752602616
Enriched,PV_12,ME12,-0.024271316179767466
Enriched,PV_11,ME12,-0.03383721332676327
Enriched,PV_10,ME12,-0.22824987074715128
Enriched,PV_9,ME12,0.19784125376964629
Enriched,PV_8,ME12,0.11588921632718378
Enriched,PV_7,ME12,-0.07584861221666271
Enriched,PV_6,ME12,-0.35457380316196524
Enriched,PV_5,ME12,-0.03613849303118373
Enriched,PV_4,ME12,0.26023139582672866
Control,PV_32,ME12,-0.0064136669955416415
Control,PV_31,ME12,0.004613528300619529
Control,PV_30,ME12,0.2584316383236105
Control,PV_29,ME12,-0.029135183522902914
Enriched,PV_3,ME12,0.008076188145493633
Enriched,PV_2,ME12,0.23722182017488583
Enriched,PV_1,ME12,0.0744443145288622
Control,PV_28,ME27,-0.15024769605591445
Control,PV_27,ME27,0.13356002746220838
Control,PV_26,ME27,0.09330942887824979
Control,PV_25,ME27,-0.007129537357719991
Control,PV_24,ME27,-0.26353095913863767
Control,PV_23,ME27,-0.1914103833597076
Control,PV_22,ME27,-0.239513565451594
Control,PV_21,ME27,0.26514659242583355
Control,PV_20,ME27,0.042246203826211054
Control,PV_19,ME27,0.016892963578378863
Control,PV_18,ME27,-0.13822953250221953
Control,PV_17,ME27,-0.1544165491784851
Enriched,PV_16,ME27,-0.13181311261456036
Enriched,PV_15,ME27,0.2958745202717909
Enriched,PV_14,ME27,0.010842126798796347
Enriched,PV_13,ME27,-0.30671931903641747
Enriched,PV_12,ME27,-0.08564959963695594
Enriched,PV_11,ME27,-0.010567882619546498
Enriched,PV_10,ME27,-0.3339972824435417
Enriched,PV_9,ME27,0.045023571786873884
Enriched,PV_8,ME27,0.09980616770571106
Enriched,PV_7,ME27,-0.014793166843988941
Enriched,PV_6,ME27,-0.16105769571444672
Enriched,PV_5,ME27,0.1839105932135436
Enriched,PV_4,ME27,0.2674319850109111
Control,PV_32,ME27,-0.045274211055853705
Control,PV_31,ME27,-0.011619472404229789
Control,PV_30,ME27,0.05309034782005344
Control,PV_29,ME27,-0.015783550637417453
Enriched,PV_3,ME27,0.16732212804154029
Enriched,PV_2,ME27,0.24495692869592584
Enriched,PV_1,ME27,0.34233993053521283
Control,PV_28,ME47,0.14444734824575042
Control,PV_27,ME47,-0.2485715374812151
Control,PV_26,ME47,-0.18972628178562187
Control,PV_25,ME47,0.04701018964957706
Control,PV_24,ME47,0.021044991818134927
Control,PV_23,ME47,-0.18870857848192446
Control,PV_22,ME47,-0.39406845898364845
Control,PV_21,ME47,0.27288511892987743
Control,PV_20,ME47,-0.1277037883474729
Control,PV_19,ME47,-0.3527512868811925
Control,PV_18,ME47,-0.04101356325971427
Control,PV_17,ME47,-0.1381635431288125
Enriched,PV_16,ME47,0.18656999367539234
Enriched,PV_15,ME47,0.030875380640628818
Enriched,PV_14,ME47,0.17782287267101868
Enriched,PV_13,ME47,0.07345398985503555
Enriched,PV_12,ME47,0.07465539616842758
Enriched,PV_11,ME47,0.09724162120802184
Enriched,PV_10,ME47,-0.09586192653671437
Enriched,PV_9,ME47,0.06139676582801794
Enriched,PV_8,ME47,0.10435169564244122
Enriched,PV_7,ME47,-0.06859219113873553
Enriched,PV_6,ME47,-0.08222422163146803
Enriched,PV_5,ME47,0.20733744968652082
Enriched,PV_4,ME47,0.3464361178997541
Control,PV_32,ME47,0.0056060167576009404
Control,PV_31,ME47,-0.00735818938452431
Control,PV_30,ME47,-0.08634430723139165
Control,PV_29,ME47,-0.1755634778127303
Enriched,PV_3,ME47,0.2689410062641647
Enriched,PV_2,ME47,0.19963380145674178
Enriched,PV_1,ME47,-0.12305840431195018
Control,PV_28,ME7,0.023952086590718458
Control,PV_27,ME7,0.1009128494714425
Control,PV_26,ME7,-0.16178353249948846
Control,PV_25,ME7,-0.06853968623525433
Control,PV_24,ME7,-0.33743175456195346
Control,PV_23,ME7,-0.0157026881178118
Control,PV_22,ME7,-0.26192109297254473
Control,PV_21,ME7,0.018865161515999478
Control,PV_20,ME7,0.36202382760801416
Control,PV_19,ME7,-0.07613856846518699
Control,PV_18,ME7,0.20020394885976747
Control,PV_17,ME7,-0.2022464956482029
Enriched,PV_16,ME7,0.1734933283669694
Enriched,PV_15,ME7,0.3344687073802222
Enriched,PV_14,ME7,0.016781551417477645
Enriched,PV_13,ME7,0.0012680415684482918
Enriched,PV_12,ME7,0.03476755684911755
Enriched,PV_11,ME7,0.13180610566189152
Enriched,PV_10,ME7,-0.22735250013646027
Enriched,PV_9,ME7,-0.17984469818299068
Enriched,PV_8,ME7,0.12937678209723932
Enriched,PV_7,ME7,0.10497427785557904
Enriched,PV_6,ME7,0.09324098069984256
Enriched,PV_5,ME7,0.1525005133932835
Enriched,PV_4,ME7,0.062481219655307646
Control,PV_32,ME7,0.02822386752044156
Control,PV_31,ME7,-0.027002026234231168
Control,PV_30,ME7,-0.13789242450305342
Control,PV_29,ME7,-0.40475153386952184
Enriched,PV_3,ME7,0.17924484777521668
Enriched,PV_2,ME7,0.10118922335629428
Enriched,PV_1,ME7,-0.14916787621657054
Control,PV_28,ME6,0.03147124346696382
Control,PV_27,ME6,-0.027983811946553902
Control,PV_26,ME6,-0.3175313981651441
Control,PV_25,ME6,0.1668364031696349
Control,PV_24,ME6,-0.16717438511351373
Control,PV_23,ME6,-0.22458430699161547
Control,PV_22,ME6,-0.14751106789914462
Control,PV_21,ME6,-0.034200645739336795
Control,PV_20,ME6,-0.005447149780268325
Control,PV_19,ME6,-0.18427458672438332
Control,PV_18,ME6,0.14665044538974037
Control,PV_17,ME6,-0.2643677132357657
Enriched,PV_16,ME6,0.08573507855163891
Enriched,PV_15,ME6,-0.0022596876286614244
Enriched,PV_14,ME6,0.34190153233597265
Enriched,PV_13,ME6,0.058174856668789326
Enriched,PV_12,ME6,-0.1869037646716243
Enriched,PV_11,ME6,0.0749365132908402
Enriched,PV_10,ME6,0.07721800332506577
Enriched,PV_9,ME6,-0.19234074506170415
Enriched,PV_8,ME6,0.29663708202716665
Enriched,PV_7,ME6,0.09902708496699687
Enriched,PV_6,ME6,-0.09014031125851768
Enriched,PV_5,ME6,0.05847344286818245
Enriched,PV_4,ME6,0.09666822382873913
Control,PV_32,ME6,0.3133158959543381
Control,PV_31,ME6,-0.1635461686147826
Control,PV_30,ME6,-0.23352253830973807
Control,PV_29,ME6,-0.08488302165890542
Enriched,PV_3,ME6,0.2495219392916531
Enriched,PV_2,ME6,0.25225418036585856
Enriched,PV_1,ME6,-0.022150622701920787
Control,PV_28,ME43,0.10323831920007395
Control,PV_27,ME43,0.09653150037735776
Control,PV_26,ME43,-0.26819646940194636
Control,PV_25,ME43,0.1705276114339424
Control,PV_24,ME43,-0.22400279351636507
Control,PV_23,ME43,0.04843533085983007
Control,PV_22,ME43,0.020902996679649552
Control,PV_21,ME43,0.07564064872517674
Control,PV_20,ME43,0.07241621757097991
Control,PV_19,ME43,-0.21309689832479042
Control,PV_18,ME43,0.15333883319626107
Control,PV_17,ME43,-0.24942068152294739
Enriched,PV_16,ME43,0.11570529504322159
Enriched,PV_15,ME43,0.15022481345586317
Enriched,PV_14,ME43,0.36895331453987995
Enriched,PV_13,ME43,0.12198744214323386
Enriched,PV_12,ME43,-0.11774238480375387
Enriched,PV_11,ME43,0.09919303138185899
Enriched,PV_10,ME43,0.07784111628054188
Enriched,PV_9,ME43,-0.1082696377439994
Enriched,PV_8,ME43,0.19528373509293187
Enriched,PV_7,ME43,0.09357485722646976
Enriched,PV_6,ME43,-0.3087750084978521
Enriched,PV_5,ME43,-0.16127193339556897
Enriched,PV_4,ME43,-0.09819723295984038
Control,PV_32,ME43,0.30974520460063476
Control,PV_31,ME43,-0.1876743576789526
Control,PV_30,ME43,-0.14395529964616216
Control,PV_29,ME43,-0.08117442181041032
Enriched,PV_3,ME43,-0.07839113863522905
Enriched,PV_2,ME43,0.22042648693744787
Enriched,PV_1,ME43,-0.2537984968075257
